Couple,Position,Position_pots,Monoculture_Couple,Condition_hydrique,RHT_rht,Bloc,Colonne,Ligne,plante_genotype,poids_graine,Longueur_feuille_2,Largeur_feuille_2,Nombre_de_feuille_ligul√É.e,thallee,Biomasse_seche,vitesse_coleoptile_feuille_1,vitesse_coleoptile_feuille_2,vitesse_longueur_f1,vitesse_largeur_f1,voisin
EL4X_265.EL4X_265 wt b1,B1 - 1 - 1,droite,Monoculture,Contrainte hydrique,RHT,1,1,1,265,48,224,3,3,0,71,26,NA,-2,0,265
EL4X_118.EL4X_348 wt b1,B1 - 1 - 2,droite,Couple,Contrainte hydrique,RHT,1,1,2,348,46,212,4,3,0,96,30,31,1,0,118
EL4X_412.EL4X_412 wt b1,B1 - 1 - 3,droite,Couple,Contrainte hydrique,RHT,1,1,3,412,45,185,4,3,0,75,44,62,55,2.5,412
EL4X_265.EL4X_118 wt b1,B1 - 1 - 4,droite,Couple,Contrainte hydrique,RHT,1,1,4,118,42,200,5,3,0,77,31.5,31,0.5,0.5,265
EL4X_329.EL4X_329 wt b1,B1 - 1 - 5,droite,Monoculture,Contrainte hydrique,rht,1,1,5,329,55,190,4,3,0,77,16,40.5,0,0,329
EL4X_329.EL4X_395 wt b1,B1 - 1 - 6,droite,Couple,Contrainte hydrique,rht,1,1,6,395,50,219,4,3,0,68,27.25,73.5,49.5,2,329
EL4X_265.EL4X_348 wt b1,B1 - 1 - 7,droite,Couple,Contrainte hydrique,RHT,1,1,7,348,51,157,4,3,0,63,20,30.5,1,0.5,265
EL4X_395.EL4X_395 wt b1,B1 - 1 - 8,droite,Monoculture,Contrainte hydrique,rht,1,1,8,395,50,216,5,3,0,79,34.25,70,61.5,2,395
EL4X_165.EL4X_131 wt b1,B1 - 1 - 9,droite,Couple,Contrainte hydrique,RHT,1,1,9,131,45,211,5,3,0,79,37.5,57,80.5,2,165
EL4X_89.EL4X_348 wt b1,B1 - 2 - 1,droite,Couple,Contrainte hydrique,RHT,1,2,1,348,54,201,5,3,0,106,27.5,36,-6,0,89
EL4X_482.EL4X_265 wt b1,B1 - 2 - 2,droite,Couple,Contrainte hydrique,RHT,1,2,2,265,38,219,3,3,0,72,26.5,35,2.5,0,482
EL4X_114.EL4X_376 wt b1,B1 - 2 - 3,droite,Couple,Contrainte hydrique,rht,1,2,3,376,51,151,5,2,0,51,42,35,57.5,2.5,114
EL4X_89.EL4X_265 wt b1,B1 - 2 - 4,droite,Couple,Contrainte hydrique,RHT,1,2,4,265,46,223,3,2,0,65,33.75,78.5,72,2,89
EL4X_114.EL4X_114 wt b1,B1 - 2 - 5,droite,Monoculture,Contrainte hydrique,rht,1,2,5,114,47,219,4,2,0,60,33.5,65.5,60,2,114
EL4X_89.EL4X_118 wt b1,B1 - 2 - 6,droite,Couple,Contrainte hydrique,RHT,1,2,6,118,29,151,2,3,0,29,22.25,59.5,42,1.5,89
EL4X_482.EL4X_348 wt b1,B1 - 2 - 7,droite,Couple,Contrainte hydrique,RHT,1,2,7,348,49,199,5,3,0,93,26.5,35,1.5,0.5,482
EL4X_412.EL4X_131 wt b1,B1 - 2 - 8,droite,Couple,Contrainte hydrique,RHT,1,2,8,131,49,184,5,2,0,68,26.25,52.5,56.5,2,412
EL4X_130.EL4X_74 wt b1,B1 - 2 - 9,droite,Couple,Contrainte hydrique,RHT,1,2,9,74,33,211,4,3,0,90,26.5,35,0,0,130
EL4X_395.EL4X_235 wt b1,B1 - 3 - 1,droite,Couple,Contrainte hydrique,rht,1,3,1,235,NA,200,5,3,0,87,29.25,61.5,59.5,2.5,395
EL4X_482.EL4X_482 wt b1,B1 - 3 - 2,droite,Monoculture,Contrainte hydrique,rht,1,3,2,482,53,184,5,3,0,88,NA,37.5,-1,0,482
EL4X_235.EL4X_235 wt b1,B1 - 3 - 3,droite,Monoculture,Contrainte hydrique,rht,1,3,3,235,46,187,5,2,0,74,42.5,55,61.5,2.5,235
EL4X_165.EL4X_165 wt b1,B1 - 3 - 4,droite,Monoculture,Contrainte hydrique,RHT,1,3,4,165,46,202,4,3,0,77,30.5,42.5,-1.5,0.5,165
EL4X_329.EL4X_114 wt b1,B1 - 3 - 5,droite,Couple,Contrainte hydrique,rht,1,3,5,114,40,196,4,3,0,85,27.5,25,14.5,0.5,329
EL4X_395.EL4X_376 wt b1,B1 - 3 - 6,droite,Couple,Contrainte hydrique,rht,1,3,6,376,48,192,5,3,0,79,23.5,34,0,0.5,395
EL4X_165.EL4X_74 wt b1,B1 - 3 - 7,droite,Couple,Contrainte hydrique,RHT,1,3,7,74,40,221,3,3,0,74,26,NA,1.5,0,165
EL4X_482.EL4X_118 wt b1,B1 - 3 - 8,droite,Couple,Contrainte hydrique,RHT,1,3,8,118,46,192,4,3,0,58,20.5,31.5,-2,0,482
EL4X_376.EL4X_235 wt b1,B1 - 3 - 9,droite,Couple,Contrainte hydrique,rht,1,3,9,235,48,207,5,2,1,68,28.25,82,62.5,2,376
EL4X_89.EL4X_89 wt b1,B1 - 4 - 1,droite,Monoculture,Contrainte hydrique,rht,1,4,1,89,47,255,5,2,0,82,26.5,88.5,66.5,2,89
EL4X_74.EL4X_74 wt b1,B1 - 4 - 2,droite,Monoculture,Contrainte hydrique,RHT,1,4,2,74,50,235,4,3,0,95,27,36.5,-0.5,0,74
EL4X_114.EL4X_235 wt b1,B1 - 4 - 3,droite,Couple,Contrainte hydrique,rht,1,4,3,235,45,NA,NA,NA,0,0,NA,NA,NA,NA,114
EL4X_89.EL4X_482 wt b1,B1 - 4 - 4,droite,Couple,Contrainte hydrique,rht,1,4,4,482,53,228,4,3,0,80,20.5,48,1,0,89
EL4X_329.EL4X_376 wt b1,B1 - 4 - 5,droite,Couple,Contrainte hydrique,rht,1,4,5,376,50,203,5,3,0,55,26,64,0.5,0,329
EL4X_130.EL4X_130 wt b1,B1 - 4 - 6,droite,Monoculture,Contrainte hydrique,RHT,1,4,6,130,48,150,4,3,0,57,36.5,67.5,69,2,130
EL4X_165.EL4X_130 wt b1,B1 - 4 - 7,droite,Couple,Contrainte hydrique,RHT,1,4,7,130,38,220,5,3,0,75,41,87,80.5,2,165
EL4X_412.EL4X_74 wt b1,B1 - 4 - 8,droite,Couple,Contrainte hydrique,RHT,1,4,8,74,42,220,5,3,0,78,26.5,31.5,0.5,0.5,412
EL4X_329.EL4X_235 wt b1,B1 - 4 - 9,droite,Couple,Contrainte hydrique,rht,1,4,9,235,39,219,5,2,0,83,24,25.5,25.5,0,329
EL4X_395.EL4X_114 wt b1,B1 - 5 - 1,droite,Couple,Contrainte hydrique,rht,1,5,1,114,47,188,4,3,0,70,42.5,55,57.5,2.5,395
EL4X_130.EL4X_131 wt b1,B1 - 5 - 2,droite,Couple,Contrainte hydrique,RHT,1,5,2,131,54,212,5,3,0,103,45,65,95,2,130
EL4X_376.EL4X_376 wt b1,B1 - 5 - 3,droite,Monoculture,Contrainte hydrique,rht,1,5,3,376,42,200,5,3,0,79,26.5,35.5,0.5,0,376
EL4X_165.EL4X_412 wt b1,B1 - 5 - 4,droite,Couple,Contrainte hydrique,RHT,1,5,4,412,55,233,4,3,0,101,40,90.5,87,2.5,165
EL4X_118.EL4X_118 wt b1,B1 - 5 - 5,droite,Monoculture,Contrainte hydrique,RHT,1,5,5,118,36,171,4,3,0,57,39.5,65.5,55,2,118
EL4X_131.EL4X_131 wt b1,B1 - 5 - 6,droite,Monoculture,Contrainte hydrique,RHT,1,5,6,131,62,222,5,3,0,101,41,80,90,2.5,131
EL4X_130.EL4X_412 wt b1,B1 - 5 - 7,droite,Couple,Contrainte hydrique,RHT,1,5,7,412,48,181,5,3,0,87,27.5,34,-2.5,0,130
EL4X_348.EL4X_348 wt b1,B1 - 5 - 8,droite,Monoculture,Contrainte hydrique,RHT,1,5,8,348,41,229,4,3,0,103,31,36.5,1.5,0,348
EL4X_131.EL4X_74 wt b1,B1 - 5 - 9,droite,Couple,Contrainte hydrique,RHT,1,5,9,74,45,226,3,3,0,84,26.5,34,0.5,0,131
EL4X_376.EL4X_235 WT b2,B2 - 1 - 1,droite,Couple,Bien irrigue,rht,2,1,10,235,47,210,5,3,1,85,31.75,58.5,63.5,2,376
EL4X_114.EL4X_376 WT b2,B2 - 1 - 2,droite,Couple,Bien irrigue,rht,2,1,11,376,49,235,4,3,0,93,47.75,77.5,103.5,2.5,114
EL4X_395.EL4X_114 WT b2,B2 - 1 - 3,droite,Couple,Bien irrigue,rht,2,1,12,114,47,200,3,2,0,42,16.5,50,33.5,1.5,395
EL4X_165.EL4X_412 WT b2,B2 - 1 - 4,droite,Couple,Bien irrigue,RHT,2,1,13,412,54,194,4,2,0,63,45.5,55,57,2.5,165
EL4X_329.EL4X_395 WT b2,B2 - 1 - 5,droite,Couple,Bien irrigue,rht,2,1,14,395,52,161,4,3,0,79,NA,26.5,1,0,329
EL4X_482.EL4X_348 WT b2,B2 - 1 - 6,droite,Couple,Bien irrigue,RHT,2,1,15,348,50,221,4,3,0,95,35.5,37.5,0.5,0,482
EL4X_114.EL4X_114 WT b2,B2 - 1 - 7,droite,Monoculture,Bien irrigue,rht,2,1,16,114,47,204,5,3,0,77,32.75,62.5,68.5,2.5,114
EL4X_348.EL4X_348 WT b2,B2 - 1 - 8,droite,Monoculture,Bien irrigue,RHT,2,1,17,348,44,186,2,3,0,58,31,NA,-1,0,348
EL4X_482.EL4X_265 WT b2,B2 - 1 - 9,droite,Couple,Bien irrigue,RHT,2,1,18,265,40,183,4,3,0,67,16.5,36.5,-2.5,0,482
EL4X_89.EL4X_118 WT b2,B2 - 2 - 1,droite,Couple,Bien irrigue,RHT,2,2,10,118,40,197,4,3,0,79,21,32,-1,0.5,89
EL4X_395.EL4X_395 WT b2,B2 - 2 - 2,droite,Monoculture,Bien irrigue,rht,2,2,11,395,51,231,5,3,0,101,45.5,65.5,91.5,2.5,395
EL4X_235.EL4X_235 WT b2,B2 - 2 - 3,droite,Monoculture,Bien irrigue,rht,2,2,12,235,38,230,4,2,0,69,32.75,55.5,77,2,235
EL4X_395.EL4X_376 WT b2,B2 - 2 - 4,droite,Couple,Bien irrigue,rht,2,2,13,376,50,233,4,3,0,85,NA,33.5,1.5,0,395
EL4X_265.EL4X_348 WT b2,B2 - 2 - 7,droite,Couple,Bien irrigue,RHT,2,2,16,348,49,225,3,3,0,94,30.5,39,-0.5,0,265
EL4X_165.EL4X_130 WT b2,B2 - 2 - 8,droite,Couple,Bien irrigue,RHT,2,2,17,130,50,210,5,3,0,88,34.75,82,62,2,165
EL4X_118.EL4X_118 WT b2,B2 - 2 - 9,droite,Monoculture,Bien irrigue,RHT,2,2,18,118,50,171,4,3,0,74,26,34.5,3,-0.5,118
EL4X_118.EL4X_348 WT b2,B2 - 3 - 1,droite,Couple,Bien irrigue,RHT,2,3,10,348,42,228,4,3,0,92,29.5,41,-0.5,0,118
EL4X_165.EL4X_131 WT b2,B2 - 3 - 2,droite,Couple,Bien irrigue,RHT,2,3,11,131,56,249,5,3,0,89,70.5,58.5,88.5,2.5,165
EL4X_114.EL4X_235 WT b2,B2 - 3 - 3,droite,Couple,Bien irrigue,rht,2,3,12,235,41,245,5,2,0,78,34.5,60.5,81.5,2.5,114
EL4X_130.EL4X_412 WT b2,B2 - 3 - 4,droite,Couple,Bien irrigue,RHT,2,3,13,412,47,214,4,3,0,80,33.5,32,0.5,0,130
EL4X_482.EL4X_118 WT b2,B2 - 3 - 5,droite,Couple,Bien irrigue,RHT,2,3,14,118,44,217,4,2,0,67,33.5,29,-13,-0.5,482
EL4X_89.EL4X_265 WT b2,B2 - 3 - 6,droite,Couple,Bien irrigue,RHT,2,3,15,265,41,235,4,2,0,69,27.5,37.5,12.5,0.5,89
EL4X_412.EL4X_412 WT b2,B2 - 3 - 7,droite,Monoculture,Bien irrigue,RHT,2,3,16,412,38,215,5,2,0,68,38,75,75,2.5,412
EL4X_131.EL4X_74 WT b2,B2 - 3 - 8,droite,Couple,Bien irrigue,RHT,2,3,17,74,49,293,6,3,0,99,27,28.5,0.5,0.5,131
EL4X_482.EL4X_482 WT b2,B2 - 3 - 9,droite,Monoculture,Bien irrigue,rht,2,3,18,482,46,241,4,3,0,98,31.5,37.5,-1,0.5,482
EL4X_165.EL4X_165 WT b2,B2 - 4 - 1,droite,Monoculture,Bien irrigue,RHT,2,4,10,165,51,210,5,3,0,80,58,87.5,89.5,2,165
EL4X_130.EL4X_74 WT b2,B2 - 4 - 2,droite,Couple,Bien irrigue,RHT,2,4,11,74,49,219,4,3,0,74,25,49,-1,0,130
EL4X_265.EL4X_265 WT b2,B2 - 4 - 3,droite,Monoculture,Bien irrigue,RHT,2,4,12,265,46,252,4,2,0,75,29.5,33,-0.5,-0.5,265
EL4X_130.EL4X_130 WT b2,B2 - 4 - 4,droite,Monoculture,Bien irrigue,RHT,2,4,13,130,41,212,3,3,0,72,25.5,37,-2.5,0,130
EL4X_329.EL4X_235 WT b2,B2 - 4 - 5,droite,Couple,Bien irrigue,rht,2,4,14,235,44,194,4,3,0,93,40.25,98.5,51,2.5,329
EL4X_74.EL4X_74 WT b2,B2 - 4 - 6,droite,Monoculture,Bien irrigue,RHT,2,4,15,74,47,217,4,3,0,92,26.5,30.5,1,0,74
EL4X_329.EL4X_114 WT b2,B2 - 4 - 7,droite,Couple,Bien irrigue,rht,2,4,16,114,40,210,4,3,0,76,35.5,67,54.5,2.5,329
EL4X_329.EL4X_329 WT b2,B2 - 4 - 8,droite,Monoculture,Bien irrigue,rht,2,4,17,329,53,178,4,3,0,80,NA,42,1,0.5,329
EL4X_376.EL4X_376 WT b2,B2 - 4 - 9,droite,Monoculture,Bien irrigue,rht,2,4,18,376,48,209,4,2,0,62,33,26.5,-12,-0.5,376
EL4X_412.EL4X_74 WT b2,B2 - 5 - 1,droite,Couple,Bien irrigue,RHT,2,5,10,74,44,189,3,4,0,104,27,30.5,0.5,0,412
EL4X_165.EL4X_74 WT b2,B2 - 5 - 2,droite,Couple,Bien irrigue,RHT,2,5,11,74,41,214,3,3,0,78,33,31,-1.5,0,165
EL4X_412.EL4X_131 WT b2,B2 - 5 - 3,droite,Couple,Bien irrigue,RHT,2,5,12,131,45,218,5,3,0,84,39,67.5,82.5,2.5,412
EL4X_395.EL4X_235 WT b2,B2 - 5 - 4,droite,Couple,Bien irrigue,rht,2,5,13,235,43,216,3,2,0,46,25.75,65,53.5,1.5,395
EL4X_89.EL4X_348 WT b2,B2 - 5 - 5,droite,Couple,Bien irrigue,RHT,2,5,14,348,51,213,4,3,0,41,28,93.5,70,2.5,89
EL4X_265.EL4X_118 WT b2,B2 - 5 - 6,droite,Couple,Bien irrigue,RHT,2,5,15,118,NA,193,4,2,0,56,32.75,62.5,69.5,2.5,265
EL4X_131.EL4X_131 WT b2,B2 - 5 - 7,droite,Monoculture,Bien irrigue,RHT,2,5,16,131,60,215,5,3,0,95,40.5,40,87,2,131
EL4X_89.EL4X_482 WT b2,B2 - 5 - 8,droite,Couple,Bien irrigue,rht,2,5,17,482,52,260,6,3,1,101,27.5,36,-2.5,0.5,89
EL4X_89.EL4X_89 WT b2,B2 - 5 - 9,droite,Monoculture,Bien irrigue,rht,2,5,18,89,42,284,4,3,1,85,23,NA,-3,0,89
EL4X_131.EL4X_131 wt b3,B3 - 1 - 1,droite,Monoculture,Contrainte hydrique,RHT,3,6,1,131,47,211,5,2,0,60,49.5,59,74,2,131
EL4X_412.EL4X_412 wt b3,B3 - 1 - 2,droite,Monoculture,Contrainte hydrique,RHT,3,6,2,412,63,167,2,1,0,15,34.75,76,54.5,2,412
EL4X_329.EL4X_376 wt b3,B3 - 1 - 3,droite,Couple,Contrainte hydrique,rht,3,6,3,376,55,214,5,3,0,72,29.5,35.5,26,-0.5,329
EL4X_89.EL4X_118 wt b3,B3 - 1 - 4,droite,Couple,Contrainte hydrique,RHT,3,6,4,118,32,201,4,2,0,60,31.5,63,70.5,2,89
EL4X_329.EL4X_114 wt b3,B3 - 1 - 5,droite,Couple,Contrainte hydrique,rht,3,6,5,114,41,162,4,3,0,52,38,70.5,70.5,2,329
EL4X_74.EL4X_74 wt b3,B3 - 1 - 6,droite,Monoculture,Contrainte hydrique,RHT,3,6,6,74,45,217,4,3,0,122,29.5,27,44.5,2,74
EL4X_329.EL4X_395 wt b3,B3 - 1 - 7,droite,Couple,Contrainte hydrique,rht,3,6,7,395,56,175,4,3,0,75,11.83333333,NA,NA,NA,329
EL4X_265.EL4X_265 wt b3,B3 - 1 - 8,droite,Monoculture,Contrainte hydrique,RHT,3,6,8,265,43,211,4,3,0,68,23.5,31.5,-1,0,265
EL4X_395.EL4X_395 wt b3,B3 - 2 - 2,droite,Monoculture,Contrainte hydrique,rht,3,7,2,395,52,212,3,2,0,36,23.75,49.5,46.5,1,395
EL4X_89.EL4X_89 wt b3,B3 - 2 - 3,droite,Monoculture,Contrainte hydrique,rht,3,7,3,89,43,147,3,2,0,31,26,41,2,0.5,89
EL4X_482.EL4X_118 wt b3,B3 - 2 - 4,droite,Couple,Contrainte hydrique,RHT,3,7,4,118,29,196,3,3,0,57,25.5,29,-2,0.5,482
EL4X_482.EL4X_348 wt b3,B3 - 2 - 5,droite,Couple,Contrainte hydrique,RHT,3,7,5,348,48,219,4,3,0,94,25.5,34,2,0.5,482
EL4X_130.EL4X_412 wt b3,B3 - 2 - 6,droite,Couple,Contrainte hydrique,RHT,3,7,6,412,50,155,4,3,0,47,NA,40.5,-2,0.5,130
EL4X_89.EL4X_348 wt b3,B3 - 2 - 7,droite,Couple,Contrainte hydrique,RHT,3,7,7,348,47,225,5,3,0,107,29.5,27.5,11,0.5,89
EL4X_130.EL4X_74 wt b3,B3 - 3 - 1,droite,Couple,Contrainte hydrique,RHT,3,8,1,74,48,227,4,3,0,90,23.5,31.5,-1.5,0,130
EL4X_482.EL4X_482 wt b3,B3 - 3 - 2,droite,Monoculture,Contrainte hydrique,rht,3,8,2,482,46,222,3,2,0,71,33.5,32,0,0,482
EL4X_165.EL4X_412 wt b3,B3 - 3 - 3,droite,Couple,Contrainte hydrique,RHT,3,8,3,412,56,94,3,2,0,25,NA,92,16.5,1,165
EL4X_376.EL4X_376 wt b3,B3 - 3 - 4,droite,Monoculture,Contrainte hydrique,rht,3,8,4,376,45,252,5,2,0,100,31.5,15.5,0.5,0,376
EL4X_114.EL4X_235 wt b3,B3 - 3 - 5,droite,Couple,Contrainte hydrique,rht,3,8,5,235,48,234,4,2,0,73,32.5,68,63.5,2.5,114
EL4X_395.EL4X_114 wt b3,B3 - 3 - 6,droite,Couple,Contrainte hydrique,rht,3,8,6,114,44,221,4,3,0,67,21,36,-5.5,0,395
EL4X_265.EL4X_118 wt b3,B3 - 3 - 7,droite,Couple,Contrainte hydrique,RHT,3,8,7,118,39,205,5,2,0,44,26.5,23,-2.5,-0.5,265
EL4X_118.EL4X_118 wt b3,B3 - 3 - 8,droite,Monoculture,Contrainte hydrique,RHT,3,8,8,118,29,188,4,2,0,NA,20,19.5,2,0,118
EL4X_395.EL4X_376 wt b3,B3 - 3 - 9,droite,Couple,Contrainte hydrique,rht,3,8,9,376,74,218,5,3,0,94,28.5,36,3,0,395
EL4X_482.EL4X_265 wt b3,B3 - 4 - 1,droite,Couple,Contrainte hydrique,RHT,3,9,1,265,43,185,3,3,0,51,45,62.5,56,2,482
EL4X_412.EL4X_74 wt b3,B3 - 4 - 2,droite,Couple,Contrainte hydrique,RHT,3,9,2,74,41,206,3,3,0,83,22,30.5,-0.5,0,412
EL4X_412.EL4X_131 wt b3,B3 - 4 - 3,droite,Couple,Contrainte hydrique,RHT,3,9,3,131,53,209,5,2,0,69,38,62.5,74.5,2,412
EL4X_395.EL4X_235 wt b3,B3 - 4 - 4,droite,Couple,Contrainte hydrique,rht,3,9,4,235,45,222,4,2,0,63,32,51.5,58.5,2,395
EL4X_376.EL4X_235 wt b3,B3 - 4 - 5,droite,Couple,Contrainte hydrique,rht,3,9,5,235,43,221,4,2,0,51,28,57,54,2,376
EL4X_265.EL4X_348 wt b3,B3 - 4 - 6,droite,Couple,Contrainte hydrique,RHT,3,9,6,348,41,76,2,3,1,48,NA,NA,NA,NA,265
EL4X_130.EL4X_130 wt b3,B3 - 4 - 7,droite,Monoculture,Contrainte hydrique,RHT,3,9,7,130,40,192,4,3,0,48,26,30,0,0,130
EL4X_118.EL4X_348 wt b3,B3 - 4 - 8,droite,Couple,Contrainte hydrique,RHT,3,9,8,348,47,227,4,3,0,76,31,35,-2,0,118
EL4X_165.EL4X_165 wt b3,B3 - 4 - 9,droite,Monoculture,Contrainte hydrique,RHT,3,9,9,165,51,206,4,3,0,68,32,NA,-1,0,165
EL4X_329.EL4X_329 wt b3,B3 - 5 - 1,droite,Monoculture,Contrainte hydrique,rht,3,10,1,329,55,195,4,3,0,69,23.5,41,-1,-0.5,329
EL4X_114.EL4X_376 wt b3,B3 - 5 - 2,droite,Couple,Contrainte hydrique,rht,3,10,2,376,48,195,4,3,0,76,39.5,67,75.5,2,114
EL4X_89.EL4X_482 wt b3,B3 - 5 - 3,droite,Couple,Contrainte hydrique,rht,3,10,3,482,47,221,4,3,0,81,30,26,-2,-0.5,89
EL4X_89.EL4X_265 wt b3,B3 - 5 - 4,droite,Couple,Contrainte hydrique,RHT,3,10,4,265,40,201,3,2,0,44,26.25,70.5,60,1.5,89
EL4X_235.EL4X_235 wt b3,B3 - 5 - 5,droite,Monoculture,Contrainte hydrique,rht,3,10,5,235,48,211,4,2,0,55,28.75,52.5,50,2,235
EL4X_114.EL4X_114 wt b3,B3 - 5 - 6,droite,Monoculture,Contrainte hydrique,rht,3,10,6,114,44,191,4,3,0,85,37.5,71,65,2,114
EL4X_165.EL4X_131 wt b3,B3 - 5 - 7,droite,Couple,Contrainte hydrique,RHT,3,10,7,131,55,178,4,2,0,57,26,16.5,-4.5,-0.5,165
EL4X_348.EL4X_348 wt b3,B3 - 5 - 8,droite,Monoculture,Contrainte hydrique,RHT,3,10,8,348,42,173,3,3,0,67,22,14.5,8.5,-0.5,348
EL4X_130.EL4X_131 wt b3,B3 - 5 - 9,droite,Couple,Contrainte hydrique,RHT,3,10,9,131,46,233,5,2,0,78,41.25,58,78,2,130
EL4X_329.EL4X_235 WT b4,B4 - 1 - 1,droite,Couple,Bien irrigue,rht,4,6,10,235,44,222,5,2,0,92,35.5,61.5,82.5,2.5,329
EL4X_329.EL4X_395 WT b4,B4 - 1 - 2,droite,Couple,Bien irrigue,rht,4,6,11,395,54,115,4,2,0,43,16.25,32.5,36.5,2,329
EL4X_89.EL4X_89 WT b4,B4 - 1 - 3,droite,Monoculture,Bien irrigue,rht,4,6,12,89,42,244,4,3,1,99,38.75,87,72.5,2.5,89
EL4X_395.EL4X_114 WT b4,B4 - 1 - 4,droite,Couple,Bien irrigue,rht,4,6,13,114,46,209,5,3,0,76,34.25,28,41.5,2,395
EL4X_395.EL4X_395 WT b4,B4 - 1 - 5,droite,Monoculture,Bien irrigue,rht,4,6,14,395,46,272,5,2,0,82,47.75,72.5,102.5,2,395
EL4X_412.EL4X_131 WT b4,B4 - 1 - 6,droite,Couple,Bien irrigue,RHT,4,6,15,131,51,230,5,3,0,84,41,67,86,2.5,412
EL4X_130.EL4X_131 WT b4,B4 - 1 - 7,droite,Couple,Bien irrigue,RHT,4,6,16,131,44,198,4,2,0,60,24.75,46.5,42.5,1.5,130
EL4X_265.EL4X_348 WT b4,B4 - 1 - 8,droite,Couple,Bien irrigue,RHT,4,6,17,348,46,238,4,3,0,82,26,33,0,0,265
EL4X_118.EL4X_118 WT b4,B4 - 1 - 9,droite,Monoculture,Bien irrigue,RHT,4,6,18,118,34,207,4,2,0,61,35,66.5,70,2,118
EL4X_165.EL4X_130 WT b4,B4 - 2 - 1,droite,Couple,Bien irrigue,RHT,4,7,10,130,49,196,4,3,0,112,41,40,-2.5,-0.5,165
EL4X_329.EL4X_376 WT b4,B4 - 2 - 2,droite,Couple,Bien irrigue,rht,4,7,11,376,61,182,4,3,0,83,36.25,80,67.5,2,329
EL4X_165.EL4X_74 WT b4,B4 - 2 - 3,droite,Couple,Bien irrigue,RHT,4,7,12,74,44,202,4,3,0,89,23.5,31,0.5,0,165
EL4X_131.EL4X_74 WT b4,B4 - 2 - 4,droite,Couple,Bien irrigue,RHT,4,7,13,74,48,211,3,3,0,79,22.5,32,2.5,0,131
EL4X_395.EL4X_235 WT b4,B4 - 2 - 5,droite,Couple,Bien irrigue,rht,4,7,14,235,41,259,5,3,1,69,30,65,56,2,395
EL4X_130.EL4X_412 WT b4,B4 - 2 - 6,droite,Couple,Bien irrigue,RHT,4,7,15,412,51,206,4,3,0,76,33.75,69,64.5,2.5,130
EL4X_131.EL4X_131 WT b4,B4 - 2 - 7,droite,Monoculture,Bien irrigue,RHT,4,7,16,131,50,222,5,2,0,82,42.5,62.5,92.5,2,131
EL4X_74.EL4X_74 WT b4,B4 - 2 - 8,droite,Monoculture,Bien irrigue,RHT,4,7,17,74,50,192,3,3,0,78,22.5,33.5,0,-0.5,74
EL4X_114.EL4X_376 WT b4,B4 - 2 - 9,droite,Couple,Bien irrigue,rht,4,7,18,376,44,210,5,3,0,85,45.25,67,91,2.5,114
EL4X_482.EL4X_482 WT b4,B4 - 3 - 1,droite,Monoculture,Bien irrigue,rht,4,8,10,482,49,240,4,3,0,93,27,36.5,0,0,482
EL4X_89.EL4X_482 WT b4,B4 - 3 - 2,droite,Couple,Bien irrigue,rht,4,8,11,482,50,235,4,3,1,109,37.75,76.5,82.5,2.5,89
EL4X_89.EL4X_118 WT b4,B4 - 3 - 3,droite,Couple,Bien irrigue,RHT,4,8,12,118,32,186,5,2,0,63,29.75,66.5,65,2,89
EL4X_235.EL4X_235 WT b4,B4 - 3 - 4,droite,Monoculture,Bien irrigue,rht,4,8,13,235,40,211,4,2,0,88,30.25,66,59,2.5,235
EL4X_265.EL4X_118 WT b4,B4 - 3 - 5,droite,Couple,Bien irrigue,RHT,4,8,14,118,30,181,4,3,0,59,22,30,1,0.5,265
EL4X_165.EL4X_131 WT b4,B4 - 3 - 6,droite,Couple,Bien irrigue,RHT,4,8,15,131,43,219,4,2,0,69,32.5,54,71.5,2.5,165
EL4X_118.EL4X_348 WT b4,B4 - 3 - 7,droite,Couple,Bien irrigue,RHT,4,8,16,348,49,216,4,3,0,95,37.5,33.5,3.5,-0.5,118
EL4X_89.EL4X_348 WT b4,B4 - 3 - 8,droite,Couple,Bien irrigue,RHT,4,8,17,348,47,210,4,3,0,92,33.5,32.5,-2,0.5,89
EL4X_130.EL4X_130 WT b4,B4 - 3 - 9,droite,Monoculture,Bien irrigue,RHT,4,8,18,130,53,207,4,3,0,86,32,32.5,-3.5,0,130
EL4X_329.EL4X_329 WT b4,B4 - 4 - 1,droite,Monoculture,Bien irrigue,rht,4,9,10,329,55,170,2,3,0,62,19.75,67.5,36.5,2,329
EL4X_482.EL4X_265 WT b4,B4 - 4 - 2,droite,Couple,Bien irrigue,RHT,4,9,11,265,47,200,4,3,0,79,NA,11,14.5,0,482
EL4X_482.EL4X_118 WT b4,B4 - 4 - 3,droite,Couple,Bien irrigue,RHT,4,9,12,118,27,195,3,2,0,45,31,51.5,67,2,482
EL4X_329.EL4X_114 WT b4,B4 - 4 - 4,droite,Couple,Bien irrigue,rht,4,9,13,114,46,194,4,2,0,45,25,58,45,1.5,329
EL4X_482.EL4X_348 WT b4,B4 - 4 - 5,droite,Couple,Bien irrigue,RHT,4,9,14,348,42,173,3,3,0,59,20,30.5,-6,0,482
EL4X_376.EL4X_235 WT b4,B4 - 4 - 6,droite,Couple,Bien irrigue,rht,4,9,15,235,38,176,4,3,0,63,29.75,58,56,2,376
EL4X_348.EL4X_348 WT b4,B4 - 4 - 7,droite,Monoculture,Bien irrigue,RHT,4,9,16,348,47,177,4,3,0,55,16.5,36,-0.5,0,348
EL4X_412.EL4X_74 WT b4,B4 - 4 - 8,droite,Couple,Bien irrigue,RHT,4,9,17,74,47,225,4,3,0,89,29.5,33.5,-1.5,-0.5,412
EL4X_114.EL4X_114 WT b4,B4 - 4 - 9,droite,Monoculture,Bien irrigue,rht,4,9,18,114,45,216,5,3,0,73,31.75,77,59,1.5,114
EL4X_376.EL4X_376 WT b4,B4 - 5 - 1,droite,Monoculture,Bien irrigue,rht,4,10,10,376,56,215,4,3,0,100,36,36,-0.5,0,376
EL4X_165.EL4X_165 WT b4,B4 - 5 - 2,droite,Monoculture,Bien irrigue,RHT,4,10,11,165,46,204,4,3,0,100,32.5,37,-2.5,0,165
EL4X_265.EL4X_265 WT b4,B4 - 5 - 3,droite,Monoculture,Bien irrigue,RHT,4,10,12,265,38,226,4,3,0,87,29,46.5,0,0,265
EL4X_395.EL4X_376 WT b4,B4 - 5 - 4,droite,Couple,Bien irrigue,rht,4,10,13,376,52,237,5,3,0,124,37,42.5,0,-0.5,395
EL4X_412.EL4X_412 WT b4,B4 - 5 - 5,droite,Monoculture,Bien irrigue,RHT,4,10,14,412,48,192,2,3,0,77,30.25,65,52.5,2,412
EL4X_114.EL4X_235 WT b4,B4 - 5 - 6,droite,Couple,Bien irrigue,rht,4,10,15,235,39,220,5,2,0,59,31.5,52.5,67.5,2,114
EL4X_165.EL4X_412 WT b4,B4 - 5 - 7,droite,Couple,Bien irrigue,RHT,4,10,16,412,50,198,5,2,0,78,36.25,65,65,2.5,165
EL4X_130.EL4X_74 WT b4,B4 - 5 - 8,droite,Couple,Bien irrigue,RHT,4,10,17,74,58,238,4,3,0,110,31.5,41.5,0,0,130
EL4X_89.EL4X_265 WT b4,B4 - 5 - 9,droite,Couple,Bien irrigue,RHT,4,10,18,265,41,227,3,3,0,70,34.75,81.5,66,2.5,89
EL4X_329.EL4X_395 wt b5,B5 - 1 - 1,droite,Monoculture,Contrainte hydrique,rht,5,11,1,395,52,240,4,3,0,99,43.75,74,85.5,2.5,329
EL4X_130.EL4X_130 wt b5,B5 - 1 - 2,droite,Monoculture,Contrainte hydrique,RHT,5,11,2,130,43,190,4,3,0,66,34.5,57.5,76.5,1.5,130
EL4X_89.EL4X_118 wt b5,B5 - 1 - 3,droite,Couple,Contrainte hydrique,RHT,5,11,3,118,26,204,3,2,0,43,24.5,53,54.5,2,89
EL4X_165.EL4X_165 wt b5,B5 - 1 - 4,droite,Monoculture,Contrainte hydrique,RHT,5,11,4,165,49,158,4,3,0,62,22.5,27.5,-1,0.5,165
EL4X_165.EL4X_131 wt b5,B5 - 1 - 5,droite,Couple,Contrainte hydrique,RHT,5,11,5,131,58,235,4,2,0,65,59,54,67.5,2,165
EL4X_114.EL4X_235 wt b5,B5 - 1 - 6,droite,Couple,Contrainte hydrique,rht,5,11,6,235,40,221,4,2,0,58,32.75,57.5,53,2,114
EL4X_89.EL4X_482 wt b5,B5 - 1 - 7,droite,Couple,Contrainte hydrique,rht,5,11,7,482,49,225,4,3,0,73,32.25,95.5,54.5,2,89
EL4X_235.EL4X_235 wt b5,B5 - 1 - 8,droite,Monoculture,Contrainte hydrique,rht,5,11,8,235,39,220,4,2,0,56,26.5,50.5,59,2,235
EL4X_89.EL4X_265 wt b5,B5 - 1 - 9,droite,Couple,Contrainte hydrique,RHT,5,11,9,265,43,NA,NA,NA,0,NA,NA,NA,NA,NA,89
EL4X_165.EL4X_412 wt b5,B5 - 2 - 1,droite,Couple,Contrainte hydrique,RHT,5,12,1,412,55,213,4,2,0,79,36.25,53,75.5,2,165
EL4X_265.EL4X_265 wt b5,B5 - 2 - 2,droite,Monoculture,Contrainte hydrique,RHT,5,12,2,265,47,210,3,2,0,59,43.5,54,50,2.5,265
EL4X_165.EL4X_130 wt b5,B5 - 2 - 3,droite,Couple,Contrainte hydrique,RHT,5,12,3,130,40,205,3,2,0,59,34.75,1.5,63.5,2,165
EL4X_130.EL4X_74 wt b5,B5 - 2 - 4,droite,Couple,Contrainte hydrique,RHT,5,12,4,74,45,223,3,3,0,75,29.5,30,-4.5,0,130
EL4X_74.EL4X_74 wt b5,B5 - 2 - 5,droite,Monoculture,Contrainte hydrique,RHT,5,12,5,74,45,201,4,3,0,79,15.5,35.5,-25.5,0,74
EL4X_131.EL4X_74 wt b5,B5 - 2 - 6,droite,Couple,Contrainte hydrique,RHT,5,12,6,74,44,218,4,3,0,90,24.5,33,6,0.5,131
EL4X_265.EL4X_118 wt b5,B5 - 2 - 7,droite,Couple,Contrainte hydrique,RHT,5,12,7,118,38,209,4,2,0,57,27.5,25,0,0,265
EL4X_89.EL4X_348 wt b5,B5 - 2 - 8,droite,Couple,Contrainte hydrique,RHT,5,12,8,348,42,195,4,3,0,82,23,28,-1.5,0,89
EL4X_412.EL4X_131 wt b5,B5 - 2 - 9,droite,Couple,Contrainte hydrique,RHT,5,12,9,131,61,205,4,3,0,79,23.5,64,65.5,2,412
EL4X_130.EL4X_131 wt b5,B5 - 3 - 1,droite,Couple,Contrainte hydrique,RHT,5,13,1,131,62,223,5,3,0,103,41.75,61.5,88,2.5,130
EL4X_482.EL4X_348 wt b5,B5 - 3 - 2,droite,Couple,Contrainte hydrique,RHT,5,13,2,348,46,212,4,3,0,90,28.5,35.5,-1,0,482
EL4X_482.EL4X_265 wt b5,B5 - 3 - 3,droite,Couple,Contrainte hydrique,RHT,5,13,3,265,44,243,4,2,0,86,29.5,31,4,0.5,482
EL4X_395.EL4X_114 wt b5,B5 - 3 - 4,droite,Couple,Contrainte hydrique,rht,5,13,4,114,41,222,4,2,0,50,21,45,44,2,395
EL4X_329.EL4X_376 wt b5,B5 - 3 - 5,droite,Couple,Contrainte hydrique,rht,5,13,5,376,56,NA,NA,NA,0,113,20.5,3,2.5,0,329
EL4X_130.EL4X_412 wt b5,B5 - 3 - 6,droite,Couple,Contrainte hydrique,RHT,5,13,6,412,54,213,5,3,0,101,30.5,37.5,-2.5,2.5,130
EL4X_376.EL4X_376 wt b5,B5 - 3 - 7,droite,Monoculture,Contrainte hydrique,rht,5,13,7,376,52,247,3,2,0,51,31.25,58,63,1.5,376
EL4X_376.EL4X_235 wt b5,B5 - 3 - 8,droite,Couple,Contrainte hydrique,rht,5,13,8,235,43,211,4,3,0,75,25,32,3,0,376
EL4X_165.EL4X_74 wt b5,B5 - 4 - 2,droite,Couple,Contrainte hydrique,RHT,5,14,2,74,50,204,4,3,0,95,22,34.5,2.5,0.5,165
EL4X_114.EL4X_114 wt b5,B5 - 4 - 3,droite,Monoculture,Contrainte hydrique,rht,5,14,3,114,47,NA,NA,NA,0,3,6.666666667,NA,NA,NA,114
EL4X_482.EL4X_482 wt b5,B5 - 4 - 4,droite,Monoculture,Contrainte hydrique,rht,5,14,4,482,61,236,5,3,0,104,29.5,39,-2.5,-0.5,482
EL4X_329.EL4X_329 wt b5,B5 - 4 - 5,droite,Monoculture,Contrainte hydrique,rht,5,14,5,329,51,112,3,2,0,26,13.25,25.5,22,1.5,329
EL4X_114.EL4X_376 wt b5,B5 - 4 - 6,droite,Couple,Contrainte hydrique,rht,5,14,6,376,69,214,6,3,1,108,48.5,75,85.5,2.5,114
EL4X_118.EL4X_348 wt b5,B5 - 4 - 7,droite,Couple,Contrainte hydrique,RHT,5,14,7,348,42,196,4,3,0,87,26.5,31.5,-2,0,118
EL4X_482.EL4X_118 wt b5,B5 - 4 - 8,droite,Couple,Contrainte hydrique,RHT,5,14,8,118,35,178,4,3,0,69,30,72,60.5,2,482
EL4X_412.EL4X_412 wt b5,B5 - 4 - 9,droite,Monoculture,Contrainte hydrique,RHT,5,14,9,412,43,199,4,2,0,NA,38.5,52,46,2,412
EL4X_395.EL4X_235 wt b5,B5 - 5 - 1,droite,Couple,Contrainte hydrique,rht,5,15,1,235,42,203,5,2,0,68,22,23,3.5,0.5,395
EL4X_348.EL4X_348 wt b5,B5 - 5 - 2,droite,Monoculture,Contrainte hydrique,RHT,5,15,2,348,42,205,4,3,0,107,28,34.5,-3,0,348
EL4X_412.EL4X_74 wt b5,B5 - 5 - 3,droite,Couple,Contrainte hydrique,RHT,5,15,3,74,46,224,4,3,0,101,28,33.5,0,0.5,412
EL4X_329.EL4X_114 wt b5,B5 - 5 - 4,droite,Couple,Contrainte hydrique,rht,5,15,4,114,44,207,4,2,0,58,43,52,53,2,329
EL4X_395.EL4X_376 wt b5,B5 - 5 - 5,droite,Couple,Contrainte hydrique,rht,5,15,5,376,40,181,4,3,0,57,NA,30,-2.5,0,395
EL4X_89.EL4X_89 wt b5,B5 - 5 - 6,droite,Monoculture,Contrainte hydrique,rht,5,15,6,89,47,194,5,3,1,119,15.5,42.5,-7,-0.5,89
EL4X_395.EL4X_395 wt b5,B5 - 5 - 7,droite,Monoculture,Contrainte hydrique,rht,5,15,7,395,49,254,4,3,0,94,40.75,78,76,2,395
EL4X_329.EL4X_235 wt b5,B5 - 5 - 8,droite,Couple,Contrainte hydrique,rht,5,15,8,235,47,164,4,2,0,48,18.75,49.5,37.5,1.5,329
EL4X_265.EL4X_348 wt b5,B5 - 5 - 9,droite,Couple,Contrainte hydrique,RHT,6,15,18,348,42,191,4,3,0,76,21,28.5,-1,0,265
EL4X_89.EL4X_265 WT b6,B6 - 1 - 1,droite,Couple,Bien irrigue,RHT,6,11,10,265,41,188,4,3,0,83,33,33,2,0,89
EL4X_329.EL4X_376 WT b6,B6 - 1 - 2,droite,Couple,Bien irrigue,rht,6,11,11,376,49,234,5,3,0,95,49.5,75.5,105.5,2.5,329
EL4X_89.EL4X_89 WT b6,B6 - 1 - 3,droite,Monoculture,Bien irrigue,rht,6,11,12,89,40,198,5,3,0,94,38.75,77.5,79.5,2.5,89
EL4X_265.EL4X_348 WT b6,B6 - 1 - 4,droite,Couple,Bien irrigue,RHT,6,11,13,348,47,194,3,3,0,76,24.5,40,-0.5,0.5,265
EL4X_118.EL4X_118 WT b6,B6 - 1 - 5,droite,Monoculture,Bien irrigue,RHT,6,11,14,118,45,187,4,3,0,68,28,76,45.5,2,118
EL4X_131.EL4X_131 WT b6,B6 - 1 - 6,droite,Monoculture,Bien irrigue,RHT,6,11,15,131,58,237,5,2,0,79,40.25,65.5,93,2,131
EL4X_412.EL4X_131 WT b6,B6 - 1 - 7,droite,Couple,Bien irrigue,RHT,6,11,16,131,50,209,5,2,0,79,33.75,50.5,70.5,2,412
EL4X_131.EL4X_74 WT b6,B6 - 1 - 8,droite,Couple,Bien irrigue,RHT,6,11,17,74,48,212,4,3,0,96,27.5,34,-6.5,0,131
EL4X_114.EL4X_114 WT b6,B6 - 1 - 9,droite,Monoculture,Bien irrigue,rht,6,11,18,114,41,235,4,2,0,59,26.83333333,NA,NA,NA,114
EL4X_265.EL4X_118 WT b6,B6 - 2 - 1,droite,Couple,Bien irrigue,RHT,6,12,10,118,31,208,4,2,0,70,23.5,52,-1.5,-0.5,265
EL4X_118.EL4X_348 WT b6,B6 - 2 - 2,droite,Couple,Bien irrigue,RHT,6,12,11,348,43,211,3,3,0,88,26,31,6.5,0,118
EL4X_482.EL4X_118 WT b6,B6 - 2 - 3,droite,Couple,Bien irrigue,RHT,6,12,12,118,30,205,3,2,0,48,23.5,54,42.5,2,482
EL4X_114.EL4X_235 WT b6,B6 - 2 - 4,droite,Couple,Bien irrigue,rht,6,12,13,235,43,207,5,3,0,91,36,63,76,2.5,114
EL4X_376.EL4X_376 WT b6,B6 - 2 - 5,droite,Monoculture,Bien irrigue,rht,6,12,14,376,54,234,5,3,0,91,34.5,37.5,-0.5,0,376
EL4X_395.EL4X_114 WT b6,B6 - 2 - 6,droite,Couple,Bien irrigue,rht,6,12,15,114,43,217,5,3,0,76,30.75,66,61.5,2,395
EL4X_348.EL4X_348 WT b6,B6 - 2 - 9,droite,Monoculture,Bien irrigue,RHT,6,12,18,348,42,202,4,3,0,84,25.5,29.5,-0.5,0,348
EL4X_235.EL4X_235 WT b6,B6 - 3 - 1,droite,Monoculture,Bien irrigue,rht,6,13,10,235,43,191,4,2,0,45,23,40.5,46,2,235
EL4X_165.EL4X_130 WT b6,B6 - 3 - 2,droite,Couple,Bien irrigue,RHT,6,13,11,130,52,207,4,3,0,NA,33,43.5,-1.5,0,165
EL4X_482.EL4X_482 WT b6,B6 - 3 - 3,droite,Monoculture,Bien irrigue,rht,6,13,12,482,50,239,4,3,0,88,40.5,97.5,74.5,2.5,482
EL4X_412.EL4X_74 WT b6,B6 - 3 - 4,droite,Couple,Bien irrigue,RHT,6,13,13,74,43,226,4,3,0,81,34.25,91.5,72.5,2,412
EL4X_395.EL4X_235 WT b6,B6 - 3 - 5,droite,Couple,Bien irrigue,rht,6,13,14,235,39,229,5,3,0,78,31.5,72,65,2.5,395
EL4X_165.EL4X_131 WT b6,B6 - 3 - 6,droite,Couple,Bien irrigue,RHT,6,13,15,131,45,133,4,2,0,72,32.75,64,66.5,2,165
EL4X_329.EL4X_395 WT b6,B6 - 3 - 7,droite,Couple,Bien irrigue,rht,6,13,16,395,55,229,4,2,0,47,16.66666667,NA,NA,NA,329
EL4X_329.EL4X_114 WT b6,B6 - 3 - 8,droite,Couple,Bien irrigue,rht,6,13,17,114,45,191,4,3,0,65,47.5,53,63,2.5,329
EL4X_130.EL4X_130 WT b6,B6 - 3 - 9,droite,Monoculture,Bien irrigue,RHT,6,13,18,130,40,213,3,2,0,57,23.5,NA,-20,-0.5,130
EL4X_130.EL4X_131 WT b6,B6 - 4 - 1,droite,Couple,Bien irrigue,RHT,6,14,10,131,52,220,4,3,0,51,29.5,8.5,58.5,2,130
EL4X_89.EL4X_118 WT b6,B6 - 4 - 2,droite,Couple,Bien irrigue,RHT,6,14,11,118,40,195,4,3,0,86,32.5,73,61,2.5,89
EL4X_412.EL4X_412 WT b6,B6 - 4 - 3,droite,Monoculture,Bien irrigue,RHT,6,14,12,412,51,179,4,3,0,59,42.5,64,49.5,2,412
EL4X_89.EL4X_348 WT b6,B6 - 4 - 4,droite,Couple,Bien irrigue,RHT,6,14,13,348,44,NA,NA,NA,0,0,0,NA,NA,NA,89
EL4X_89.EL4X_482 WT b6,B6 - 4 - 5,droite,Couple,Bien irrigue,rht,6,14,14,482,37,164,3,3,0,53,18,35,-14.5,0,89
EL4X_395.EL4X_376 WT b6,B6 - 4 - 6,droite,Couple,Bien irrigue,rht,6,14,15,376,56,267,4,3,0,62,39.5,31.5,6,0,395
EL4X_165.EL4X_165 WT b6,B6 - 4 - 7,droite,Monoculture,Bien irrigue,RHT,6,14,16,165,41,244,3,2,0,50,30.75,63.5,104,2,165
EL4X_114.EL4X_376 WT b6,B6 - 4 - 8,droite,Couple,Bien irrigue,rht,6,14,17,376,59,NA,NA,NA,0,20,50,50.5,72.5,1.5,114
EL4X_395.EL4X_395 WT b6,B6 - 4 - 9,droite,Monoculture,Bien irrigue,rht,6,14,18,395,51,193,3,2,0,32,13.83333333,NA,NA,NA,395
EL4X_376.EL4X_235 WT b6,B6 - 5 - 1,droite,Couple,Bien irrigue,rht,6,15,10,235,48,167,3,2,0,36,20,38.5,35.5,1.5,376
EL4X_329.EL4X_329 WT b6,B6 - 5 - 2,droite,Monoculture,Bien irrigue,rht,6,15,11,329,33,165,4,3,0,71,23.5,27.5,0.5,0,329
EL4X_329.EL4X_235 WT b6,B6 - 5 - 3,droite,Couple,Bien irrigue,rht,6,15,12,235,33,205,3,3,0,76,10,70,34,-0.5,329
EL4X_165.EL4X_74 WT b6,B6 - 5 - 4,droite,Couple,Bien irrigue,RHT,6,15,13,74,45,95,4,3,0,32,23,-18.5,-34,-1.5,165
EL4X_482.EL4X_265 WT b6,B6 - 5 - 5,droite,Couple,Bien irrigue,RHT,6,15,14,265,44,220,3,3,0,82,25,38,-1.5,0,482
EL4X_482.EL4X_348 WT b6,B6 - 5 - 6,droite,Couple,Bien irrigue,RHT,6,15,15,348,44,232,4,3,0,96,27.5,34.5,0.5,0.5,482
EL4X_74.EL4X_74 WT b6,B6 - 5 - 7,droite,Monoculture,Bien irrigue,RHT,6,15,16,74,30,226,4,3,0,85,29.5,-55.5,0.5,0,74
EL4X_265.EL4X_265 WT b6,B6 - 5 - 8,droite,Monoculture,Bien irrigue,RHT,6,15,17,265,37,230,4,2,0,72,37.25,74.5,74.5,2,265
EL4X_130.EL4X_74 WT b6,B6 - 5 - 9,droite,Couple,Bien irrigue,RHT,6,15,18,74,42,NA,4,3,0,55,23.5,29.5,-2.5,0.5,130
EL4X_265.EL4X_265 wt b1,B1 - 1 - 1,gauche,Monoculture,Contrainte hydrique,RHT,1,1,1,265,40,209,4,3,0,70,28.5,38.5,0,0.5,265
EL4X_118.EL4X_348 wt b1,B1 - 1 - 2,gauche,Couple,Contrainte hydrique,RHT,1,1,2,118,26,207,4,2,0,55,29.25,68,60,2,348
EL4X_412.EL4X_412 wt b1,B1 - 1 - 3,gauche,Couple,Contrainte hydrique,RHT,1,1,3,412,47,206,5,2,0,73,27,33.5,2,0.5,412
EL4X_265.EL4X_118 wt b1,B1 - 1 - 4,gauche,Couple,Contrainte hydrique,RHT,1,1,4,265,47,209,3,2,0,51,21,27,0.5,0,118
EL4X_329.EL4X_329 wt b1,B1 - 1 - 5,gauche,Monoculture,Contrainte hydrique,rht,1,1,5,329,45,166,4,3,0,66,28,31,2.5,0,329
EL4X_329.EL4X_395 wt b1,B1 - 1 - 6,gauche,Couple,Contrainte hydrique,rht,1,1,6,329,51,201,4,3,0,71,25.5,42,1,0.5,395
EL4X_265.EL4X_348 wt b1,B1 - 1 - 7,gauche,Couple,Contrainte hydrique,RHT,1,1,7,265,45,154,4,3,0,62,18,29,1,0.5,348
EL4X_395.EL4X_395 wt b1,B1 - 1 - 8,gauche,Monoculture,Contrainte hydrique,rht,1,1,8,395,56,222,4,3,0,63,30.25,72,55,2,395
EL4X_165.EL4X_131 wt b1,B1 - 1 - 9,gauche,Couple,Contrainte hydrique,RHT,1,1,9,165,56,157,3,2,0,24,18,33.5,41,1.5,131
EL4X_89.EL4X_348 wt b1,B1 - 2 - 1,gauche,Couple,Contrainte hydrique,rht,1,2,1,89,48,210,6,3,1,107,NA,37.5,1,0,348
EL4X_482.EL4X_265 wt b1,B1 - 2 - 2,gauche,Couple,Contrainte hydrique,rht,1,2,2,482,51,232,5,3,0,90,33.5,35,-0.5,0,265
EL4X_114.EL4X_376 wt b1,B1 - 2 - 3,gauche,Couple,Contrainte hydrique,rht,1,2,3,114,44,258,5,3,0,113,42.5,41.5,-1,0,376
EL4X_89.EL4X_265 wt b1,B1 - 2 - 4,gauche,Couple,Contrainte hydrique,rht,1,2,4,89,46,254,6,2,1,84,32.25,65,61,2.5,265
EL4X_114.EL4X_114 wt b1,B1 - 2 - 5,gauche,Monoculture,Contrainte hydrique,rht,1,2,5,114,47,181,4,3,0,57,22.75,56,61,2,114
EL4X_89.EL4X_118 wt b1,B1 - 2 - 6,gauche,Couple,Contrainte hydrique,rht,1,2,6,89,43,230,5,3,0,69,34.25,75,67.5,2,118
EL4X_482.EL4X_348 wt b1,B1 - 2 - 7,gauche,Couple,Contrainte hydrique,rht,1,2,7,482,53,88,4,3,0,49,13.5,27,1,0.5,348
EL4X_412.EL4X_131 wt b1,B1 - 2 - 8,gauche,Couple,Contrainte hydrique,RHT,1,2,8,412,55,185,4,3,0,62,23,33.5,0.5,0,131
EL4X_130.EL4X_74 wt b1,B1 - 2 - 9,gauche,Couple,Contrainte hydrique,RHT,1,2,9,130,66,203,5,3,0,78,35.5,32.5,-1,0,74
EL4X_395.EL4X_235 wt b1,B1 - 3 - 1,gauche,Couple,Contrainte hydrique,rht,1,3,1,395,56,218,5,3,0,81,45.75,65.5,87.5,2,235
EL4X_482.EL4X_482 wt b1,B1 - 3 - 2,gauche,Monoculture,Contrainte hydrique,rht,1,3,2,482,63,198,5,3,0,84,NA,9,1,0.5,482
EL4X_235.EL4X_235 wt b1,B1 - 3 - 3,gauche,Monoculture,Contrainte hydrique,rht,1,3,3,235,43,214,5,2,0,68,32.5,61,67.5,2.5,235
EL4X_165.EL4X_165 wt b1,B1 - 3 - 4,gauche,Monoculture,Contrainte hydrique,RHT,1,3,4,165,48,214,5,3,0,89,33.5,31.5,-0.5,0,165
EL4X_329.EL4X_114 wt b1,B1 - 3 - 5,gauche,Couple,Contrainte hydrique,rht,1,3,5,329,47,211,4,2,0,54,23.25,57,55,2,114
EL4X_395.EL4X_376 wt b1,B1 - 3 - 6,gauche,Couple,Contrainte hydrique,rht,1,3,6,395,50,236,3,2,0,54,24,70,40,2,376
EL4X_165.EL4X_74 wt b1,B1 - 3 - 7,gauche,Couple,Contrainte hydrique,RHT,1,3,7,165,49,150,2,2,0,33,22.5,NA,2.5,0,74
EL4X_482.EL4X_118 wt b1,B1 - 3 - 8,gauche,Couple,Contrainte hydrique,rht,1,3,8,482,48,250,4,3,0,87,27,29,0.5,0,118
EL4X_376.EL4X_235 wt b1,B1 - 3 - 9,gauche,Couple,Contrainte hydrique,rht,1,3,9,376,34,215,5,3,0,79,44,61.5,92,2.5,235
EL4X_89.EL4X_89 wt b1,B1 - 4 - 1,gauche,Monoculture,Contrainte hydrique,rht,1,4,1,89,44,177,3,2,0,44,22.75,4,-21.5,0,89
EL4X_74.EL4X_74 wt b1,B1 - 4 - 2,gauche,Monoculture,Contrainte hydrique,RHT,1,4,2,74,46,201,4,3,0,87,28,37,0,0,74
EL4X_114.EL4X_235 wt b1,B1 - 4 - 3,gauche,Couple,Contrainte hydrique,rht,1,4,3,114,41,218,5,3,0,86,35.5,80,75,2.5,235
EL4X_89.EL4X_482 wt b1,B1 - 4 - 4,gauche,Couple,Contrainte hydrique,rht,1,4,4,89,45,217,5,3,0,96,39.75,62.5,83,2.5,482
EL4X_329.EL4X_376 wt b1,B1 - 4 - 5,gauche,Couple,Contrainte hydrique,rht,1,4,5,329,51,229,4,3,0,102,34.5,32.5,1,-0.5,376
EL4X_130.EL4X_130 wt b1,B1 - 4 - 6,gauche,Monoculture,Contrainte hydrique,RHT,1,4,6,130,47,200,4,3,0,70,30.5,29.5,0,0,130
EL4X_165.EL4X_130 wt b1,B1 - 4 - 7,gauche,Couple,Contrainte hydrique,RHT,1,4,7,165,42,206,5,3,0,66,35.5,31,16.5,0.5,130
EL4X_412.EL4X_74 wt b1,B1 - 4 - 8,gauche,Couple,Contrainte hydrique,RHT,1,4,8,412,54,192,5,3,0,72,34.25,73.5,67.5,2.5,74
EL4X_329.EL4X_235 wt b1,B1 - 4 - 9,gauche,Couple,Contrainte hydrique,rht,1,4,9,329,47,184,4,3,0,74,35.5,82.5,44,2,235
EL4X_395.EL4X_114 wt b1,B1 - 5 - 1,gauche,Couple,Contrainte hydrique,rht,1,5,1,395,52,202,4,2,0,67,48,53,59,2,114
EL4X_130.EL4X_131 wt b1,B1 - 5 - 2,gauche,Couple,Contrainte hydrique,RHT,1,5,2,130,22,191,4,2,0,47,32.25,46.5,81.5,1.5,131
EL4X_376.EL4X_376 wt b1,B1 - 5 - 3,gauche,Monoculture,Contrainte hydrique,rht,1,5,3,376,62,241,5,3,0,95,31.5,43,0.5,0,376
EL4X_165.EL4X_412 wt b1,B1 - 5 - 4,gauche,Couple,Contrainte hydrique,RHT,1,5,4,165,42,192,5,2,0,70,35.5,67.5,66.5,2.5,412
EL4X_118.EL4X_118 wt b1,B1 - 5 - 5,gauche,Monoculture,Contrainte hydrique,RHT,1,5,5,118,43,199,4,2,0,77,35,75,72,2,118
EL4X_131.EL4X_131 wt b1,B1 - 5 - 6,gauche,Monoculture,Contrainte hydrique,RHT,1,5,6,131,56,192,5,3,0,101,39.5,70,87,2.5,131
EL4X_130.EL4X_412 wt b1,B1 - 5 - 7,gauche,Couple,Contrainte hydrique,RHT,1,5,7,130,28,211,4,2,0,56,33.5,31,0,0.5,412
EL4X_348.EL4X_348 wt b1,B1 - 5 - 8,gauche,Monoculture,Contrainte hydrique,RHT,1,5,8,348,31,221,4,3,0,84,29.5,34,1,0,348
EL4X_131.EL4X_74 wt b1,B1 - 5 - 9,gauche,Couple,Contrainte hydrique,RHT,1,5,9,131,69,225,5,3,0,114,43.75,75,97.5,3,74
EL4X_376.EL4X_235 WT b2,B2 - 1 - 1,gauche,Couple,Bien irrigue,rht,2,1,10,376,67,215,4,3,0,117,30.5,39.5,2.5,0.5,235
EL4X_114.EL4X_376 WT b2,B2 - 1 - 2,gauche,Couple,Bien irrigue,rht,2,1,11,114,41,217,4,4,0,65,34,62.5,68,2,376
EL4X_395.EL4X_114 WT b2,B2 - 1 - 3,gauche,Couple,Bien irrigue,rht,2,1,12,395,52,181,4,3,0,57,30.5,52.5,62.5,2,114
EL4X_165.EL4X_412 WT b2,B2 - 1 - 4,gauche,Couple,Bien irrigue,RHT,2,1,13,165,51,239,5,2,0,103,32,47.5,0,0,412
EL4X_329.EL4X_395 WT b2,B2 - 1 - 5,gauche,Couple,Bien irrigue,rht,2,1,14,329,50,NA,NA,NA,0,NA,NA,NA,NA,NA,395
EL4X_482.EL4X_348 WT b2,B2 - 1 - 6,gauche,Couple,Bien irrigue,rht,2,1,15,482,49,121,4,3,0,60,NA,29,-2,-0.5,348
EL4X_114.EL4X_114 WT b2,B2 - 1 - 7,gauche,Monoculture,Bien irrigue,rht,2,1,16,114,40,205,5,3,0,71,34.5,65,70,2,114
EL4X_348.EL4X_348 WT b2,B2 - 1 - 8,gauche,Monoculture,Bien irrigue,RHT,2,1,17,348,48,202,4,3,0,90,17,NA,0,0,348
EL4X_482.EL4X_265 WT b2,B2 - 1 - 9,gauche,Couple,Bien irrigue,rht,2,1,18,482,53,NA,NA,NA,0,NA,NA,NA,NA,NA,265
EL4X_89.EL4X_118 WT b2,B2 - 2 - 1,gauche,Couple,Bien irrigue,rht,2,2,10,89,43,221,5,3,1,81,35.25,63.5,75,2.5,118
EL4X_395.EL4X_395 WT b2,B2 - 2 - 2,gauche,Monoculture,Bien irrigue,rht,2,2,11,395,52,255,3,2,0,61,25.75,55.5,53.5,2,395
EL4X_235.EL4X_235 WT b2,B2 - 2 - 3,gauche,Monoculture,Bien irrigue,rht,2,2,12,235,40,214,4,2,0,77,52,53,71,2.5,235
EL4X_395.EL4X_376 WT b2,B2 - 2 - 4,gauche,Couple,Bien irrigue,rht,2,2,13,395,45,251,4,2,0,66,28.5,61.5,55,2,376
EL4X_329.EL4X_376 WT b2,B2 - 2 - 5,gauche,Couple,Bien irrigue,rht,2,2,14,329,50,199,3,3,0,92,26,38.5,-1.5,0.5,376
EL4X_130.EL4X_131 WT b2,B2 - 2 - 6,gauche,Couple,Bien irrigue,RHT,2,2,15,130,41,229,3,3,0,78,29,41.5,2,0,131
EL4X_265.EL4X_348 WT b2,B2 - 2 - 7,gauche,Couple,Bien irrigue,RHT,2,2,16,265,48,224,4,3,0,84,28,36,0,0,348
EL4X_165.EL4X_130 WT b2,B2 - 2 - 8,gauche,Couple,Bien irrigue,RHT,2,2,17,165,47,195,4,2,0,54,41.25,62.5,65.5,2,130
EL4X_118.EL4X_118 WT b2,B2 - 2 - 9,gauche,Monoculture,Bien irrigue,RHT,2,2,18,118,34,231,5,3,0,87,26.5,55,16,0,118
EL4X_118.EL4X_348 WT b2,B2 - 3 - 1,gauche,Couple,Bien irrigue,RHT,2,3,10,118,30,188,4,2,0,65,21.5,26.5,0,0.5,348
EL4X_165.EL4X_131 WT b2,B2 - 3 - 2,gauche,Couple,Bien irrigue,RHT,2,3,11,165,48,215,5,3,0,105,32,37,-1,0,131
EL4X_114.EL4X_235 WT b2,B2 - 3 - 3,gauche,Couple,Bien irrigue,rht,2,3,12,114,43,203,4,2,0,53,26,58.5,61.5,2.5,235
EL4X_130.EL4X_412 WT b2,B2 - 3 - 4,gauche,Couple,Bien irrigue,RHT,2,3,13,130,45,155,2,3,0,67,20,32,-0.5,0,412
EL4X_482.EL4X_118 WT b2,B2 - 3 - 5,gauche,Couple,Bien irrigue,rht,2,3,14,482,46,194,5,3,1,84,30,22,-8,0.5,118
EL4X_89.EL4X_265 WT b2,B2 - 3 - 6,gauche,Couple,Bien irrigue,rht,2,3,15,89,48,226,5,3,0,95,25.5,63,9.5,0.5,265
EL4X_412.EL4X_412 WT b2,B2 - 3 - 7,gauche,Monoculture,Bien irrigue,RHT,2,3,16,412,63,209,5,3,0,85,30,25,-0.5,0,412
EL4X_131.EL4X_74 WT b2,B2 - 3 - 8,gauche,Couple,Bien irrigue,RHT,2,3,17,131,51,211,5,3,0,91,29,39,0,0,74
EL4X_482.EL4X_482 WT b2,B2 - 3 - 9,gauche,Monoculture,Bien irrigue,rht,2,3,18,482,53,192,4,3,0,55,45,69.5,47,2,482
EL4X_165.EL4X_165 WT b2,B2 - 4 - 1,gauche,Monoculture,Bien irrigue,RHT,2,4,10,165,50,214,3,3,0,77,29,31,16,-0.5,165
EL4X_130.EL4X_74 WT b2,B2 - 4 - 2,gauche,Couple,Bien irrigue,RHT,2,4,11,130,61,191,4,3,0,87,26,37.5,-0.5,0,74
EL4X_265.EL4X_265 WT b2,B2 - 4 - 3,gauche,Monoculture,Bien irrigue,RHT,2,4,12,265,39,184,3,3,0,62,19.5,31,-1.5,0,265
EL4X_130.EL4X_130 WT b2,B2 - 4 - 4,gauche,Monoculture,Bien irrigue,RHT,2,4,13,130,44,205,4,3,0,76,31.5,28,-2,0,130
EL4X_329.EL4X_235 WT b2,B2 - 4 - 5,gauche,Couple,Bien irrigue,rht,2,4,14,329,55,227,5,2,0,70,23.5,12,16.5,0,235
EL4X_74.EL4X_74 WT b2,B2 - 4 - 6,gauche,Monoculture,Bien irrigue,RHT,2,4,15,74,48,215,4,3,0,86,25,26,-1,0,74
EL4X_329.EL4X_114 WT b2,B2 - 4 - 7,gauche,Couple,Bien irrigue,rht,2,4,16,329,47,189,5,3,0,71,19,42.5,-1,0,114
EL4X_329.EL4X_329 WT b2,B2 - 4 - 8,gauche,Monoculture,Bien irrigue,rht,2,4,17,329,50,195,4,3,0,80,23.5,41,-0.5,0,329
EL4X_376.EL4X_376 WT b2,B2 - 4 - 9,gauche,Monoculture,Bien irrigue,rht,2,4,18,376,48,244,5,3,0,77,40,29.5,11.5,0.5,376
EL4X_412.EL4X_74 WT b2,B2 - 5 - 1,gauche,Couple,Bien irrigue,RHT,2,5,10,412,56,188,4,3,0,101,22.5,36,8,0.5,74
EL4X_165.EL4X_74 WT b2,B2 - 5 - 2,gauche,Couple,Bien irrigue,RHT,2,5,11,165,49,245,4,3,0,69,27.25,81.5,NA,NA,74
EL4X_412.EL4X_131 WT b2,B2 - 5 - 3,gauche,Couple,Bien irrigue,RHT,2,5,12,412,56,142,2,2,0,69,31.5,39.5,32,1.5,131
EL4X_265.EL4X_118 WT b2,B2 - 5 - 6,gauche,Couple,Bien irrigue,RHT,2,5,15,265,48,203,4,3,0,79,45.5,65.5,62.5,2,118
EL4X_131.EL4X_131 WT b2,B2 - 5 - 7,gauche,Monoculture,Bien irrigue,RHT,2,5,16,131,32,210,5,3,0,108,43.25,NA,4.5,0.5,131
EL4X_89.EL4X_482 WT b2,B2 - 5 - 8,gauche,Couple,Bien irrigue,rht,2,5,17,89,46,269,6,2,0,91,27.5,31.5,3.5,-0.5,482
EL4X_89.EL4X_89 WT b2,B2 - 5 - 9,gauche,Monoculture,Bien irrigue,rht,2,5,18,89,41,254,6,2,1,53,28.5,33.5,-1.5,0.5,89
EL4X_131.EL4X_131 wt b3,B3 - 1 - 1,gauche,Monoculture,Contrainte hydrique,RHT,3,6,1,131,54,186,5,3,0,108,38.75,64,80.5,2.5,131
EL4X_412.EL4X_412 wt b3,B3 - 1 - 2,gauche,Monoculture,Contrainte hydrique,RHT,3,6,2,412,49,210,4,3,0,3,33,67,60.5,2.5,412
EL4X_329.EL4X_376 wt b3,B3 - 1 - 3,gauche,Couple,Contrainte hydrique,rht,3,6,3,329,50,170,4,3,0,73,22,34.5,-8,0,376
EL4X_89.EL4X_118 wt b3,B3 - 1 - 4,gauche,Couple,Contrainte hydrique,rht,3,6,4,89,48,184,5,2,1,80,43.5,4,57,2.5,118
EL4X_329.EL4X_114 wt b3,B3 - 1 - 5,gauche,Couple,Contrainte hydrique,rht,3,6,5,329,57,209,5,3,0,99,20.5,40.5,0.5,0.5,114
EL4X_74.EL4X_74 wt b3,B3 - 1 - 6,gauche,Monoculture,Contrainte hydrique,RHT,3,6,6,74,38,222,4,3,0,92,28,32.5,-11.5,0.5,74
EL4X_329.EL4X_395 wt b3,B3 - 1 - 7,gauche,Couple,Contrainte hydrique,rht,3,6,7,329,58,186,5,3,0,77,24.5,44.5,-0.5,0,395
EL4X_265.EL4X_265 wt b3,B3 - 1 - 8,gauche,Monoculture,Contrainte hydrique,RHT,3,6,8,265,48,223,3,3,0,76,28,33,0,-0.5,265
EL4X_165.EL4X_130 wt b3,B3 - 1 - 9,gauche,Couple,Contrainte hydrique,RHT,3,6,9,165,49,208,5,3,0,79,25,30,5.5,0,130
EL4X_131.EL4X_74 wt b3,B3 - 2 - 1,gauche,Couple,Contrainte hydrique,RHT,3,7,1,131,63,216,4,3,0,80,37.5,57,79,2,74
EL4X_395.EL4X_395 wt b3,B3 - 2 - 2,gauche,Monoculture,Contrainte hydrique,rht,3,7,2,395,47,280,5,3,0,86,42.75,67,82,2.5,395
EL4X_89.EL4X_89 wt b3,B3 - 2 - 3,gauche,Monoculture,Contrainte hydrique,rht,3,7,3,89,46,231,5,3,1,91,26.5,35.5,33,1,89
EL4X_482.EL4X_118 wt b3,B3 - 2 - 4,gauche,Couple,Contrainte hydrique,rht,3,7,4,482,53,213,3,3,0,57,22,37,-1,0,118
EL4X_482.EL4X_348 wt b3,B3 - 2 - 5,gauche,Couple,Contrainte hydrique,rht,3,7,5,482,43,NA,NA,NA,0,NA,2.5,NA,NA,NA,348
EL4X_130.EL4X_412 wt b3,B3 - 2 - 6,gauche,Couple,Contrainte hydrique,RHT,3,7,6,130,48,198,4,3,0,95,31.5,25,2,0.5,412
EL4X_89.EL4X_348 wt b3,B3 - 2 - 7,gauche,Couple,Contrainte hydrique,rht,3,7,7,89,46,217,5,3,0,82,27,NA,NA,NA,348
EL4X_130.EL4X_74 wt b3,B3 - 3 - 1,gauche,Couple,Contrainte hydrique,RHT,3,8,1,130,45,207,4,3,0,81,37.5,41.5,3.5,0.5,74
EL4X_482.EL4X_482 wt b3,B3 - 3 - 2,gauche,Monoculture,Contrainte hydrique,rht,3,8,2,482,49,195,3,3,0,53,22,33,-0.5,0,482
EL4X_165.EL4X_412 wt b3,B3 - 3 - 3,gauche,Couple,Contrainte hydrique,RHT,3,8,3,165,49,220,4,3,0,72,34.75,85,74,2,412
EL4X_376.EL4X_376 wt b3,B3 - 3 - 4,gauche,Monoculture,Contrainte hydrique,rht,3,8,4,376,57,240,5,3,0,112,41.5,22,0,0,376
EL4X_114.EL4X_235 wt b3,B3 - 3 - 5,gauche,Couple,Contrainte hydrique,rht,3,8,5,114,42,214,5,3,0,82,41.75,67,84,2.5,235
EL4X_395.EL4X_114 wt b3,B3 - 3 - 6,gauche,Couple,Contrainte hydrique,rht,3,8,6,395,40,219,3,2,0,38,17.83333333,NA,NA,NA,114
EL4X_265.EL4X_118 wt b3,B3 - 3 - 7,gauche,Couple,Contrainte hydrique,RHT,3,8,7,265,48,226,4,2,0,76,26,25.5,4,-0.5,118
EL4X_118.EL4X_118 wt b3,B3 - 3 - 8,gauche,Monoculture,Contrainte hydrique,RHT,3,8,8,118,25,201,4,2,0,NA,30,40,72.5,2,118
EL4X_395.EL4X_376 wt b3,B3 - 3 - 9,gauche,Couple,Contrainte hydrique,rht,3,8,9,395,54,205,3,2,0,30,17.5,30.5,32.5,1.5,376
EL4X_482.EL4X_265 wt b3,B3 - 4 - 1,gauche,Couple,Contrainte hydrique,rht,3,9,1,482,50,215,4,3,0,97,51.5,85.5,64,2.5,265
EL4X_412.EL4X_74 wt b3,B3 - 4 - 2,gauche,Couple,Contrainte hydrique,RHT,3,9,2,412,50,186,4,2,0,66,30.75,65,52,2,74
EL4X_412.EL4X_131 wt b3,B3 - 4 - 3,gauche,Couple,Contrainte hydrique,RHT,3,9,3,412,66,199,4,3,0,96,25,41.5,1,-0.5,131
EL4X_395.EL4X_235 wt b3,B3 - 4 - 4,gauche,Couple,Contrainte hydrique,rht,3,9,4,395,51,NA,NA,NA,0,NA,NA,NA,NA,NA,235
EL4X_376.EL4X_235 wt b3,B3 - 4 - 5,gauche,Couple,Contrainte hydrique,rht,3,9,5,376,37,241,5,3,0,79,38,34.5,-3,0,235
EL4X_265.EL4X_348 wt b3,B3 - 4 - 6,gauche,Couple,Contrainte hydrique,RHT,3,9,6,265,45,160,4,2,0,60,NA,NA,NA,NA,348
EL4X_130.EL4X_130 wt b3,B3 - 4 - 7,gauche,Monoculture,Contrainte hydrique,RHT,3,9,7,130,44,215,4,3,0,65,32.5,34.5,3,0.5,130
EL4X_329.EL4X_329 wt b3,B3 - 5 - 1,gauche,Monoculture,Contrainte hydrique,rht,3,10,1,329,48,201,4,3,0,92,23,40,-0.5,-0.5,329
EL4X_114.EL4X_376 wt b3,B3 - 5 - 2,gauche,Couple,Contrainte hydrique,rht,3,10,2,114,40,213,4,2,0,65,27,NA,NA,NA,376
EL4X_89.EL4X_482 wt b3,B3 - 5 - 3,gauche,Couple,Contrainte hydrique,rht,3,10,3,89,45,211,4,3,0,67,30.75,67,65,2,482
EL4X_89.EL4X_265 wt b3,B3 - 5 - 4,gauche,Couple,Contrainte hydrique,rht,3,10,4,89,46,200,4,3,0,51,17.66666667,NA,NA,NA,265
EL4X_235.EL4X_235 wt b3,B3 - 5 - 5,gauche,Monoculture,Contrainte hydrique,rht,3,10,5,235,44,224,5,2,0,94,28,28.5,-3,-0.5,235
EL4X_114.EL4X_114 wt b3,B3 - 5 - 6,gauche,Monoculture,Contrainte hydrique,rht,3,10,6,114,43,222,3,2,0,47,22.5,46.5,47,1,114
EL4X_165.EL4X_131 wt b3,B3 - 5 - 7,gauche,Couple,Contrainte hydrique,RHT,3,10,7,165,54,231,5,2,0,75,35,35.5,0,0,131
EL4X_348.EL4X_348 wt b3,B3 - 5 - 8,gauche,Monoculture,Contrainte hydrique,RHT,3,10,8,348,47,205,4,3,0,89,27.5,28,0,0,348
EL4X_329.EL4X_395 WT b4,B4 - 1 - 2,gauche,Couple,Bien irrigue,rht,4,6,11,329,51,240,4,3,0,74,38.25,72.5,62.5,2,395
EL4X_89.EL4X_89 WT b4,B4 - 1 - 3,gauche,Monoculture,Bien irrigue,rht,4,6,12,89,41,229,5,3,1,109,28.5,21.5,8,0.5,89
EL4X_395.EL4X_114 WT b4,B4 - 1 - 4,gauche,Couple,Bien irrigue,rht,4,6,13,395,51,208,3,2,0,50,13.5,60,67.5,2,114
EL4X_395.EL4X_395 WT b4,B4 - 1 - 5,gauche,Monoculture,Bien irrigue,rht,4,6,14,395,49,208,3,2,0,27,22.5,48.5,47.5,1.5,395
EL4X_412.EL4X_131 WT b4,B4 - 1 - 6,gauche,Couple,Bien irrigue,RHT,4,6,15,412,48,193,4,2,0,43,26.25,56.5,51,2,131
EL4X_130.EL4X_131 WT b4,B4 - 1 - 7,gauche,Couple,Bien irrigue,RHT,4,6,16,130,31,184,3,3,0,49,27.5,29.5,0.5,0,131
EL4X_265.EL4X_348 WT b4,B4 - 1 - 8,gauche,Couple,Bien irrigue,RHT,4,6,17,265,38,217,4,3,0,43,29.5,34,-0.5,0,348
EL4X_118.EL4X_118 WT b4,B4 - 1 - 9,gauche,Monoculture,Bien irrigue,RHT,4,6,18,118,41,185,5,3,0,75,27.5,25,2,0,118
EL4X_165.EL4X_130 WT b4,B4 - 2 - 1,gauche,Couple,Bien irrigue,RHT,4,7,10,165,47,65,2,2,0,16,NA,NA,NA,NA,130
EL4X_329.EL4X_376 WT b4,B4 - 2 - 2,gauche,Couple,Bien irrigue,rht,4,7,11,329,58,216,4,2,0,57,NA,66,46.5,2,376
EL4X_131.EL4X_131 WT b4,B4 - 2 - 7,gauche,Monoculture,Bien irrigue,RHT,4,7,16,131,45,238,4,2,0,76,36.5,48,78.5,2,131
EL4X_74.EL4X_74 WT b4,B4 - 2 - 8,gauche,Monoculture,Bien irrigue,RHT,4,7,17,74,41,199,4,3,0,95,27.5,35,0,0.5,74
EL4X_114.EL4X_376 WT b4,B4 - 2 - 9,gauche,Couple,Bien irrigue,rht,4,7,18,114,45,213,5,3,0,75,37,66.5,72.5,2,376
EL4X_482.EL4X_482 WT b4,B4 - 3 - 1,gauche,Monoculture,Bien irrigue,rht,4,8,10,482,45,227,4,3,0,81,32,34.5,1,0.5,482
EL4X_89.EL4X_482 WT b4,B4 - 3 - 2,gauche,Couple,Bien irrigue,rht,4,8,11,89,41,210,3,3,0,58,29.5,24,-4.5,0,482
EL4X_89.EL4X_118 WT b4,B4 - 3 - 3,gauche,Couple,Bien irrigue,rht,4,8,12,89,42,199,5,3,0,92,39,75.5,80,2.5,118
EL4X_235.EL4X_235 WT b4,B4 - 3 - 4,gauche,Monoculture,Bien irrigue,rht,4,8,13,235,41,227,5,2,0,87,38,70.5,79,2.5,235
EL4X_265.EL4X_118 WT b4,B4 - 3 - 5,gauche,Couple,Bien irrigue,RHT,4,8,14,265,41,124,3,3,0,40,NA,35,-2.5,0,118
EL4X_165.EL4X_131 WT b4,B4 - 3 - 6,gauche,Couple,Bien irrigue,RHT,4,8,15,165,49,198,3,3,0,65,25.5,36.5,-1.5,0,131
EL4X_118.EL4X_348 WT b4,B4 - 3 - 7,gauche,Couple,Bien irrigue,RHT,4,8,16,118,43,202,4,3,0,69,32.25,82.5,65,2.5,348
EL4X_89.EL4X_348 WT b4,B4 - 3 - 8,gauche,Couple,Bien irrigue,rht,4,8,17,89,48,186,3,2,0,46,25,52.5,50,2,348
EL4X_130.EL4X_130 WT b4,B4 - 3 - 9,gauche,Monoculture,Bien irrigue,RHT,4,8,18,130,41,195,4,3,0,71,38.25,68.5,85,2.5,130
EL4X_482.EL4X_118 WT b4,B4 - 4 - 3,gauche,Couple,Bien irrigue,rht,4,9,12,482,45,213,4,3,0,84,NA,45.5,0,-0.5,118
EL4X_329.EL4X_114 WT b4,B4 - 4 - 4,gauche,Couple,Bien irrigue,rht,4,9,13,329,53,181,5,3,0,76,23.5,39.5,1,0.5,114
EL4X_482.EL4X_348 WT b4,B4 - 4 - 5,gauche,Couple,Bien irrigue,rht,4,9,14,482,52,224,5,3,0,94,30.5,36.5,1,-0.5,348
EL4X_376.EL4X_235 WT b4,B4 - 4 - 6,gauche,Couple,Bien irrigue,rht,4,9,15,376,58,201,4,3,0,114,31,39,-2,0,235
EL4X_348.EL4X_348 WT b4,B4 - 4 - 7,gauche,Monoculture,Bien irrigue,RHT,4,9,16,348,49,215,4,3,0,78,29,37,0,-0.5,348
EL4X_412.EL4X_74 WT b4,B4 - 4 - 8,gauche,Couple,Bien irrigue,RHT,4,9,17,412,55,186,5,2,0,71,27.25,56.5,41.5,2,74
EL4X_114.EL4X_114 WT b4,B4 - 4 - 9,gauche,Monoculture,Bien irrigue,rht,4,9,18,114,43,204,4,3,0,60,31,75,50,2,114
EL4X_376.EL4X_376 WT b4,B4 - 5 - 1,gauche,Monoculture,Bien irrigue,rht,4,10,10,376,45,218,5,3,0,89,32,32.5,-1,0,376
EL4X_165.EL4X_165 WT b4,B4 - 5 - 2,gauche,Monoculture,Bien irrigue,RHT,4,10,11,165,47,175,3,3,0,80,23.5,26,1.5,0,165
EL4X_265.EL4X_265 WT b4,B4 - 5 - 3,gauche,Monoculture,Bien irrigue,RHT,4,10,12,265,47,229,4,3,0,72,27.5,34.5,6,0,265
EL4X_395.EL4X_376 WT b4,B4 - 5 - 4,gauche,Couple,Bien irrigue,rht,4,10,13,395,47,211,4,2,0,53,20.33333333,NA,NA,NA,376
EL4X_412.EL4X_412 WT b4,B4 - 5 - 5,gauche,Monoculture,Bien irrigue,RHT,4,10,14,412,49,181,5,2,0,55,26,59,42.5,2,412
EL4X_114.EL4X_235 WT b4,B4 - 5 - 6,gauche,Couple,Bien irrigue,rht,4,10,15,114,44,202,5,3,0,84,39.5,60,81,2,235
EL4X_165.EL4X_412 WT b4,B4 - 5 - 7,gauche,Couple,Bien irrigue,RHT,4,10,16,165,43,NA,NA,NA,0,NA,NA,NA,NA,NA,412
EL4X_130.EL4X_74 WT b4,B4 - 5 - 8,gauche,Couple,Bien irrigue,RHT,4,10,17,130,21,186,4,3,0,44,32,51.5,65,2,74
EL4X_89.EL4X_265 WT b4,B4 - 5 - 9,gauche,Couple,Bien irrigue,rht,4,10,18,89,45,201,4,3,1,71,34.75,60,62.5,2,265
EL4X_329.EL4X_395 wt b5,B5 - 1 - 1,gauche,Monoculture,Contrainte hydrique,rht,5,11,1,329,43,207,4,3,0,96,25,38,2.5,-1,395
EL4X_130.EL4X_130 wt b5,B5 - 1 - 2,gauche,Monoculture,Contrainte hydrique,RHT,5,11,2,130,35,214,4,3,0,95,29,27,0.5,0,130
EL4X_89.EL4X_118 wt b5,B5 - 1 - 3,gauche,Couple,Contrainte hydrique,rht,5,11,3,89,48,253,5,2,1,108,40,76,79.5,2.5,118
EL4X_165.EL4X_165 wt b5,B5 - 1 - 4,gauche,Monoculture,Contrainte hydrique,RHT,5,11,4,165,44,222,4,3,0,68,28,28.5,3,0,165
EL4X_165.EL4X_131 wt b5,B5 - 1 - 5,gauche,Couple,Contrainte hydrique,RHT,5,11,5,165,43,219,4,3,0,83,18.25,78,74,2,131
EL4X_114.EL4X_235 wt b5,B5 - 1 - 6,gauche,Couple,Contrainte hydrique,rht,5,11,6,114,40,235,4,2,0,58,-3.5,NA,NA,NA,235
EL4X_89.EL4X_482 wt b5,B5 - 1 - 7,gauche,Couple,Contrainte hydrique,rht,5,11,7,89,45,220,5,3,0,85,36.5,74.5,72.5,2,482
EL4X_235.EL4X_235 wt b5,B5 - 1 - 8,gauche,Monoculture,Contrainte hydrique,rht,5,11,8,235,47,240,5,2,0,59,31.75,45.5,74,2.5,235
EL4X_89.EL4X_265 wt b5,B5 - 1 - 9,gauche,Couple,Contrainte hydrique,rht,5,11,9,89,43,216,4,3,0,93,32,NA,-2.5,-0.5,265
EL4X_165.EL4X_412 wt b5,B5 - 2 - 1,gauche,Couple,Contrainte hydrique,RHT,5,12,1,165,42,207,3,3,0,65,37.25,74.5,77,2,412
EL4X_265.EL4X_265 wt b5,B5 - 2 - 2,gauche,Monoculture,Contrainte hydrique,RHT,5,12,2,265,38,223,2,2,0,51,19,29,0.5,0,265
EL4X_165.EL4X_130 wt b5,B5 - 2 - 3,gauche,Couple,Contrainte hydrique,RHT,5,12,3,165,51,240,4,2,0,77,27,39,0.5,-0.5,130
EL4X_130.EL4X_74 wt b5,B5 - 2 - 4,gauche,Couple,Contrainte hydrique,RHT,5,12,4,130,47,220,4,3,0,77,23,33.5,0,0,74
EL4X_74.EL4X_74 wt b5,B5 - 2 - 5,gauche,Monoculture,Contrainte hydrique,RHT,5,12,5,74,48,175,3,3,0,88,30.5,30.5,-3,-0.5,74
EL4X_131.EL4X_74 wt b5,B5 - 2 - 6,gauche,Couple,Contrainte hydrique,RHT,5,12,6,131,62,206,4,2,0,59,28.5,51,65.5,2,74
EL4X_265.EL4X_118 wt b5,B5 - 2 - 7,gauche,Couple,Contrainte hydrique,RHT,5,12,7,265,48,255,4,2,0,66,27,45.5,-1,0,118
EL4X_89.EL4X_348 wt b5,B5 - 2 - 8,gauche,Couple,Contrainte hydrique,rht,5,12,8,89,40,210,4,3,0,78,23,37.5,-7.5,0.5,348
EL4X_412.EL4X_131 wt b5,B5 - 2 - 9,gauche,Couple,Contrainte hydrique,RHT,5,12,9,412,53,NA,NA,NA,0,NA,NA,NA,NA,NA,131
EL4X_130.EL4X_131 wt b5,B5 - 3 - 1,gauche,Couple,Contrainte hydrique,RHT,5,13,1,130,43,172,4,3,0,72,34.25,54.5,62,2,131
EL4X_482.EL4X_348 wt b5,B5 - 3 - 2,gauche,Couple,Contrainte hydrique,rht,5,13,2,482,52,223,4,3,0,90,25,44,0,0,348
EL4X_482.EL4X_265 wt b5,B5 - 3 - 3,gauche,Couple,Contrainte hydrique,rht,5,13,3,482,50,233,4,3,1,87,27,40.5,1.5,0.5,265
EL4X_395.EL4X_114 wt b5,B5 - 3 - 4,gauche,Couple,Contrainte hydrique,rht,5,13,4,395,52,245,4,3,0,80,25,39,2,0,114
EL4X_329.EL4X_376 wt b5,B5 - 3 - 5,gauche,Couple,Contrainte hydrique,rht,5,13,5,329,52,122,3,3,0,26,17.25,30,37,1.5,376
EL4X_130.EL4X_412 wt b5,B5 - 3 - 6,gauche,Couple,Contrainte hydrique,RHT,5,13,6,130,40,191,4,3,0,75,35.25,62.5,75.5,2,412
EL4X_376.EL4X_376 wt b5,B5 - 3 - 7,gauche,Monoculture,Contrainte hydrique,rht,5,13,7,376,62,215,4,3,0,89,31,33,0,-0.5,376
EL4X_376.EL4X_235 wt b5,B5 - 3 - 8,gauche,Couple,Contrainte hydrique,rht,5,13,8,376,52,225,4,2,0,67,53,52.5,65,2,235
EL4X_131.EL4X_131 wt b5,B5 - 3 - 9,gauche,Monoculture,Contrainte hydrique,RHT,5,13,9,131,57,200,5,2,0,75,30,44.5,72.5,2.5,131
EL4X_118.EL4X_118 wt b5,B5 - 4 - 1,gauche,Monoculture,Contrainte hydrique,RHT,5,14,1,118,35,199,4,2,0,66,22.5,31,2,-0.5,118
EL4X_165.EL4X_74 wt b5,B5 - 4 - 2,gauche,Couple,Contrainte hydrique,RHT,5,14,2,165,47,NA,NA,NA,0,NA,NA,NA,NA,NA,74
EL4X_114.EL4X_114 wt b5,B5 - 4 - 3,gauche,Monoculture,Contrainte hydrique,rht,5,14,3,114,39,208,4,2,0,54,NA,27,9,0,114
EL4X_482.EL4X_482 wt b5,B5 - 4 - 4,gauche,Monoculture,Contrainte hydrique,rht,5,14,4,482,51,216,3,2,0,51,24.5,23,0.5,0.5,482
EL4X_329.EL4X_329 wt b5,B5 - 4 - 5,gauche,Monoculture,Contrainte hydrique,rht,5,14,5,329,52,201,5,3,0,87,30,31.5,2,0,329
EL4X_114.EL4X_376 wt b5,B5 - 4 - 6,gauche,Couple,Contrainte hydrique,rht,5,14,6,114,39,222,5,3,0,78,39,68,82.5,2.5,376
EL4X_118.EL4X_348 wt b5,B5 - 4 - 7,gauche,Couple,Contrainte hydrique,RHT,5,14,7,118,35,213,4,2,0,50,20.5,28.5,-0.5,0,348
EL4X_482.EL4X_118 wt b5,B5 - 4 - 8,gauche,Couple,Contrainte hydrique,rht,5,14,8,482,49,226,4,3,0,71,30,34,2,-1,118
EL4X_412.EL4X_412 wt b5,B5 - 4 - 9,gauche,Monoculture,Contrainte hydrique,RHT,5,14,9,412,46,191,4,2,0,NA,42.5,55.5,51,1.5,412
EL4X_395.EL4X_235 wt b5,B5 - 5 - 1,gauche,Couple,Contrainte hydrique,rht,5,15,1,395,45,NA,NA,NA,0,NA,NA,NA,NA,NA,235
EL4X_348.EL4X_348 wt b5,B5 - 5 - 2,gauche,Monoculture,Contrainte hydrique,RHT,5,15,2,348,42,176,2,3,0,41,12,25.5,1.5,-0.5,348
EL4X_412.EL4X_74 wt b5,B5 - 5 - 3,gauche,Couple,Contrainte hydrique,RHT,5,15,3,412,47,191,4,2,0,62,40.5,51,55,2,74
EL4X_329.EL4X_114 wt b5,B5 - 5 - 4,gauche,Couple,Contrainte hydrique,rht,5,15,4,329,54,199,5,3,0,97,25,40.5,-25.5,0,114
EL4X_395.EL4X_376 wt b5,B5 - 5 - 5,gauche,Couple,Contrainte hydrique,rht,5,15,5,395,54,227,4,3,0,98,43.25,73,80.5,2,376
EL4X_89.EL4X_89 wt b5,B5 - 5 - 6,gauche,Monoculture,Contrainte hydrique,rht,5,15,6,89,43,197,4,3,0,69,48,60.5,55.5,2,89
EL4X_395.EL4X_395 wt b5,B5 - 5 - 7,gauche,Monoculture,Contrainte hydrique,rht,5,15,7,395,50,219,5,3,0,95,40.75,72.5,82.5,2,395
EL4X_329.EL4X_235 wt b5,B5 - 5 - 8,gauche,Couple,Contrainte hydrique,rht,5,15,8,329,55,189,4,3,0,81,31,70.5,49.5,2,235
EL4X_265.EL4X_348 wt b5,B5 - 5 - 9,gauche,Couple,Contrainte hydrique,RHT,5,15,9,265,41,233,4,2,0,74,26,30,-3,0.5,348
EL4X_89.EL4X_265 WT b6,B6 - 1 - 1,gauche,Couple,Bien irrigue,rht,6,11,10,89,43,205,5,3,0,67,34.5,58.5,65.5,2,265
EL4X_329.EL4X_376 WT b6,B6 - 1 - 2,gauche,Couple,Bien irrigue,rht,6,11,11,329,51,196,5,3,0,104,35,97,52,2.5,376
EL4X_89.EL4X_89 WT b6,B6 - 1 - 3,gauche,Monoculture,Bien irrigue,rht,6,11,12,89,46,194,5,3,1,98,29,36.5,-6.5,0.5,89
EL4X_265.EL4X_348 WT b6,B6 - 1 - 4,gauche,Couple,Bien irrigue,RHT,6,11,13,265,43,232,4,3,0,77,36.75,83,77.5,2,348
EL4X_118.EL4X_118 WT b6,B6 - 1 - 5,gauche,Monoculture,Bien irrigue,RHT,6,11,14,118,23,134,3,3,0,67,16,21,-5,0.5,118
EL4X_131.EL4X_131 WT b6,B6 - 1 - 6,gauche,Monoculture,Bien irrigue,RHT,6,11,15,131,52,221,5,3,0,102,42.75,78,91,2.5,131
EL4X_412.EL4X_131 WT b6,B6 - 1 - 7,gauche,Couple,Bien irrigue,RHT,6,11,16,412,47,194,3,2,0,34,31.5,45.5,31.5,1,131
EL4X_131.EL4X_74 WT b6,B6 - 1 - 8,gauche,Couple,Bien irrigue,RHT,6,11,17,131,44,238,4,2,0,73,39.5,55.5,79.5,2,74
EL4X_114.EL4X_114 WT b6,B6 - 1 - 9,gauche,Monoculture,Bien irrigue,rht,6,11,18,114,45,193,3,2,0,53,22,65.5,35.5,2,114
EL4X_265.EL4X_118 WT b6,B6 - 2 - 1,gauche,Couple,Bien irrigue,RHT,6,12,10,265,39,227,4,3,0,94,28.5,11,1,0,118
EL4X_118.EL4X_348 WT b6,B6 - 2 - 2,gauche,Couple,Bien irrigue,RHT,6,12,11,118,41,214,4,3,0,70,34.75,76.5,65,2,348
EL4X_376.EL4X_376 WT b6,B6 - 2 - 5,gauche,Monoculture,Bien irrigue,rht,6,12,14,376,51,244,4,2,0,68,41.5,70,89.5,2,376
EL4X_395.EL4X_114 WT b6,B6 - 2 - 6,gauche,Couple,Bien irrigue,rht,6,12,15,395,54,120,2,2,0,33,3,43,NA,NA,114
EL4X_348.EL4X_348 WT b6,B6 - 2 - 9,gauche,Monoculture,Bien irrigue,RHT,6,12,18,348,44,144,2,3,0,40,22,55.5,39,1.5,348
EL4X_235.EL4X_235 WT b6,B6 - 3 - 1,gauche,Monoculture,Bien irrigue,rht,6,13,10,235,43,220,4,2,0,61,24,47,51,2,235
EL4X_165.EL4X_130 WT b6,B6 - 3 - 2,gauche,Couple,Bien irrigue,RHT,6,13,11,165,52,141,2,2,0,45,15.5,25.5,5,0,130
EL4X_482.EL4X_482 WT b6,B6 - 3 - 3,gauche,Monoculture,Bien irrigue,rht,6,13,12,482,47,229,5,3,0,96,45,119.5,92.5,2,482
EL4X_412.EL4X_74 WT b6,B6 - 3 - 4,gauche,Couple,Bien irrigue,RHT,6,13,13,412,49,202,5,3,0,63,33,55,60.5,2,74
EL4X_395.EL4X_235 WT b6,B6 - 3 - 5,gauche,Couple,Bien irrigue,rht,6,13,14,395,47,225,4,2,0,38,16.5,NA,NA,NA,235
EL4X_329.EL4X_114 WT b6,B6 - 3 - 8,gauche,Couple,Bien irrigue,rht,6,13,17,329,43,213,4,3,0,104,30,41,2.5,0.5,114
EL4X_130.EL4X_130 WT b6,B6 - 3 - 9,gauche,Monoculture,Bien irrigue,RHT,6,13,18,130,64,224,4,3,0,80,23,52,-15.5,-0.5,130
EL4X_130.EL4X_131 WT b6,B6 - 4 - 1,gauche,Couple,Bien irrigue,RHT,6,14,10,130,53,213,4,3,0,99,27.5,-57,0.5,0,131
EL4X_89.EL4X_118 WT b6,B6 - 4 - 2,gauche,Couple,Bien irrigue,rht,6,14,11,89,48,NA,NA,NA,0,NA,NA,NA,NA,NA,118
EL4X_412.EL4X_412 WT b6,B6 - 4 - 3,gauche,Monoculture,Bien irrigue,RHT,6,14,12,412,59,213,5,3,0,93,36,65.5,73,2.5,412
EL4X_89.EL4X_348 WT b6,B6 - 4 - 4,gauche,Couple,Bien irrigue,rht,6,14,13,89,41,226,5,3,0,101,40,76.5,87,2.5,348
EL4X_89.EL4X_482 WT b6,B6 - 4 - 5,gauche,Couple,Bien irrigue,rht,6,14,14,89,46,210,3,3,0,67,22,28,0.5,0,482
EL4X_395.EL4X_376 WT b6,B6 - 4 - 6,gauche,Couple,Bien irrigue,rht,6,14,15,395,47,233,3,3,0,41,16.33333333,NA,NA,NA,376
EL4X_165.EL4X_165 WT b6,B6 - 4 - 7,gauche,Monoculture,Bien irrigue,RHT,6,14,16,165,49,210,3,3,0,52,30.5,63,87,2,165
EL4X_114.EL4X_376 WT b6,B6 - 4 - 8,gauche,Couple,Bien irrigue,rht,6,14,17,114,43,NA,NA,NA,0,9,7.333333333,NA,NA,NA,376
EL4X_395.EL4X_395 WT b6,B6 - 4 - 9,gauche,Monoculture,Bien irrigue,rht,6,14,18,395,47,233,4,3,0,66,35,71,57,1.5,395
EL4X_376.EL4X_235 WT b6,B6 - 5 - 1,gauche,Couple,Bien irrigue,rht,6,15,10,376,55,218,5,3,0,108,27.5,33,-2,0,235
EL4X_329.EL4X_329 WT b6,B6 - 5 - 2,gauche,Monoculture,Bien irrigue,rht,6,15,11,329,56,177,4,3,0,76,21,35,1,0,329
EL4X_329.EL4X_235 WT b6,B6 - 5 - 3,gauche,Couple,Bien irrigue,rht,6,15,12,329,48,225,5,3,0,90,23,21.5,26.5,0,235
EL4X_165.EL4X_74 WT b6,B6 - 5 - 4,gauche,Couple,Bien irrigue,RHT,6,15,13,165,52,190,4,3,0,89,53,86,47.5,2,74
EL4X_482.EL4X_265 WT b6,B6 - 5 - 5,gauche,Couple,Bien irrigue,rht,6,15,14,482,48,235,5,3,0,115,27.5,36,-2,0,265
EL4X_482.EL4X_348 WT b6,B6 - 5 - 6,gauche,Couple,Bien irrigue,rht,6,15,15,482,31,96,3,3,0,35,NA,15.5,46.5,1.5,348
EL4X_74.EL4X_74 WT b6,B6 - 5 - 7,gauche,Monoculture,Bien irrigue,RHT,6,15,16,74,45,126,2,2,0,107,4,NA,NA,NA,74
