Couple,Position,Monoculture_Couple,Condition_hydrique,Bloc,Colonne,Ligne,Position_pots,plante_genotype,poids_graine,Longueur_feuille_1,Largueur_feuille_1,taille_coleotile_feuille_1,taille_coleotile_feuille_2
EL4X_265.EL4X_265 wt b1,B1 - 1 - 1,Monoculture,Contrainte hydrique,1,1,1,gauche,265,40,137,5,,165
EL4X_265.EL4X_265 wt b1,B1 - 1 - 1,Monoculture,Contrainte hydrique,1,1,1,droite,265,48,120,4,,180
EL4X_118.EL4X_348 wt b1,B1 - 1 - 2,Couple,Contrainte hydrique,1,1,2,gauche,118,26,120,4,,136
EL4X_118.EL4X_348 wt b1,B1 - 1 - 2,Couple,Contrainte hydrique,1,1,2,droite,348,46,130,4,,210
EL4X_412.EL4X_412 wt b1,B1 - 1 - 3,Couple,Contrainte hydrique,1,1,3,gauche,412,47,145,5,,140
EL4X_412.EL4X_412 wt b1,B1 - 1 - 3,Couple,Contrainte hydrique,1,1,3,droite,412,45,110,5,,124
EL4X_265.EL4X_118 wt b1,B1 - 1 - 4,Couple,Contrainte hydrique,1,1,4,gauche,265,47,100,3,,147
EL4X_265.EL4X_118 wt b1,B1 - 1 - 4,Couple,Contrainte hydrique,1,1,4,droite,118,42,131,5,,165
EL4X_329.EL4X_329 wt b1,B1 - 1 - 5,Monoculture,Contrainte hydrique,1,1,5,gauche,329,45,90,4,,168
EL4X_329.EL4X_329 wt b1,B1 - 1 - 5,Monoculture,Contrainte hydrique,1,1,5,droite,329,55,100,4,,180
EL4X_329.EL4X_395 wt b1,B1 - 1 - 6,Couple,Contrainte hydrique,1,1,6,gauche,329,51,100,5,,184
EL4X_329.EL4X_395 wt b1,B1 - 1 - 6,Couple,Contrainte hydrique,1,1,6,droite,395,50,99,4,,147
EL4X_265.EL4X_348 wt b1,B1 - 1 - 7,Couple,Contrainte hydrique,1,1,7,gauche,265,45,82,4,,156
EL4X_265.EL4X_348 wt b1,B1 - 1 - 7,Couple,Contrainte hydrique,1,1,7,droite,348,51,91,5,,151
EL4X_395.EL4X_395 wt b1,B1 - 1 - 8,Monoculture,Contrainte hydrique,1,1,8,gauche,395,56,110,4,,144
EL4X_395.EL4X_395 wt b1,B1 - 1 - 8,Monoculture,Contrainte hydrique,1,1,8,droite,395,50,123,4,,140
EL4X_165.EL4X_131 wt b1,B1 - 1 - 9,Couple,Contrainte hydrique,1,1,9,gauche,165,56,82,3,,67
EL4X_165.EL4X_131 wt b1,B1 - 1 - 9,Couple,Contrainte hydrique,1,1,9,droite,131,45,161,4,,114
EL4X_89.EL4X_348 wt b1,B1 - 2 - 1,Couple,Contrainte hydrique,1,2,1,gauche,89,48,144,5,,175
EL4X_89.EL4X_348 wt b1,B1 - 2 - 1,Couple,Contrainte hydrique,1,2,1,droite,348,54,125,4,,195
EL4X_482.EL4X_265 wt b1,B1 - 2 - 2,Couple,Contrainte hydrique,1,2,2,gauche,482,51,183,5,,182
EL4X_482.EL4X_265 wt b1,B1 - 2 - 2,Couple,Contrainte hydrique,1,2,2,droite,265,38,145,4,,160
EL4X_114.EL4X_376 wt b1,B1 - 2 - 3,Couple,Contrainte hydrique,1,2,3,gauche,114,44,217,5,,192
EL4X_114.EL4X_376 wt b1,B1 - 2 - 3,Couple,Contrainte hydrique,1,2,3,droite,376,51,115,5,,70
EL4X_89.EL4X_265 wt b1,B1 - 2 - 4,Couple,Contrainte hydrique,1,2,4,gauche,89,46,122,5,,130
EL4X_89.EL4X_265 wt b1,B1 - 2 - 4,Couple,Contrainte hydrique,1,2,4,droite,265,46,144,4,,157
EL4X_114.EL4X_114 wt b1,B1 - 2 - 5,Monoculture,Contrainte hydrique,1,2,5,gauche,114,47,122,4,,112
EL4X_114.EL4X_114 wt b1,B1 - 2 - 5,Monoculture,Contrainte hydrique,1,2,5,droite,114,47,120,4,,131
EL4X_89.EL4X_118 wt b1,B1 - 2 - 6,Couple,Contrainte hydrique,1,2,6,gauche,89,43,135,4,,150
EL4X_89.EL4X_118 wt b1,B1 - 2 - 6,Couple,Contrainte hydrique,1,2,6,droite,118,29,84,3,,119
EL4X_482.EL4X_348 wt b1,B1 - 2 - 7,Couple,Contrainte hydrique,1,2,7,gauche,482,53,64,5,,70
EL4X_482.EL4X_348 wt b1,B1 - 2 - 7,Couple,Contrainte hydrique,1,2,7,droite,348,49,133,5,,180
EL4X_412.EL4X_131 wt b1,B1 - 2 - 8,Couple,Contrainte hydrique,1,2,8,gauche,412,55,113,4,,146
EL4X_412.EL4X_131 wt b1,B1 - 2 - 8,Couple,Contrainte hydrique,1,2,8,droite,131,49,113,4,,105
EL4X_130.EL4X_74 wt b1,B1 - 2 - 9,Couple,Contrainte hydrique,1,2,9,gauche,130,66,178,5,,184
EL4X_130.EL4X_74 wt b1,B1 - 2 - 9,Couple,Contrainte hydrique,1,2,9,droite,74,33,125,4,,210
EL4X_395.EL4X_235 wt b1,B1 - 3 - 1,Couple,Contrainte hydrique,1,3,1,gauche,395,56,175,4,,131
EL4X_395.EL4X_235 wt b1,B1 - 3 - 1,Couple,Contrainte hydrique,1,3,1,droite,235,NA,119,5,,123
EL4X_482.EL4X_482 wt b1,B1 - 3 - 2,Monoculture,Contrainte hydrique,1,3,2,gauche,482,63,109,5,,117
EL4X_482.EL4X_482 wt b1,B1 - 3 - 2,Monoculture,Contrainte hydrique,1,3,2,droite,482,53,121,5,,150
EL4X_235.EL4X_235 wt b1,B1 - 3 - 3,Monoculture,Contrainte hydrique,1,3,3,gauche,235,43,135,5,,122
EL4X_235.EL4X_235 wt b1,B1 - 3 - 3,Monoculture,Contrainte hydrique,1,3,3,droite,235,46,123,5,,110
EL4X_165.EL4X_165 wt b1,B1 - 3 - 4,Monoculture,Contrainte hydrique,1,3,4,gauche,165,48,155,5,,190
EL4X_165.EL4X_165 wt b1,B1 - 3 - 4,Monoculture,Contrainte hydrique,1,3,4,droite,165,46,150,5,,170
EL4X_329.EL4X_114 wt b1,B1 - 3 - 5,Couple,Contrainte hydrique,1,3,5,gauche,329,47,110,4,,114
EL4X_329.EL4X_114 wt b1,B1 - 3 - 5,Couple,Contrainte hydrique,1,3,5,droite,114,40,140,5,,160
EL4X_395.EL4X_376 wt b1,B1 - 3 - 6,Couple,Contrainte hydrique,1,3,6,gauche,395,50,80,4,,140
EL4X_395.EL4X_376 wt b1,B1 - 3 - 6,Couple,Contrainte hydrique,1,3,6,droite,376,48,136,5,,160
EL4X_165.EL4X_74 wt b1,B1 - 3 - 7,Couple,Contrainte hydrique,1,3,7,gauche,165,49,100,3,,114
EL4X_165.EL4X_74 wt b1,B1 - 3 - 7,Couple,Contrainte hydrique,1,3,7,droite,74,40,135,4,,194
EL4X_482.EL4X_118 wt b1,B1 - 3 - 8,Couple,Contrainte hydrique,1,3,8,gauche,482,48,132,4,,190
EL4X_482.EL4X_118 wt b1,B1 - 3 - 8,Couple,Contrainte hydrique,1,3,8,droite,118,46,96,4,,164
EL4X_376.EL4X_235 wt b1,B1 - 3 - 9,Couple,Contrainte hydrique,1,3,9,gauche,376,34,184,5,,123
EL4X_376.EL4X_235 wt b1,B1 - 3 - 9,Couple,Contrainte hydrique,1,3,9,droite,235,48,125,4,,164
EL4X_89.EL4X_89 wt b1,B1 - 4 - 1,Monoculture,Contrainte hydrique,1,4,1,gauche,89,44,87,4,,100
EL4X_89.EL4X_89 wt b1,B1 - 4 - 1,Monoculture,Contrainte hydrique,1,4,1,droite,89,47,133,4,,177
EL4X_74.EL4X_74 wt b1,B1 - 4 - 2,Monoculture,Contrainte hydrique,1,4,2,gauche,74,46,134,4,,195
EL4X_74.EL4X_74 wt b1,B1 - 4 - 2,Monoculture,Contrainte hydrique,1,4,2,droite,74,50,144,4,,222
EL4X_114.EL4X_235 wt b1,B1 - 4 - 3,Couple,Contrainte hydrique,1,4,3,gauche,114,41,150,5,,160
EL4X_114.EL4X_235 wt b1,B1 - 4 - 3,Couple,Contrainte hydrique,1,4,3,droite,235,45,NA,NA,,NA
EL4X_89.EL4X_482 wt b1,B1 - 4 - 4,Couple,Contrainte hydrique,1,4,4,gauche,89,45,166,5,,125
EL4X_89.EL4X_482 wt b1,B1 - 4 - 4,Couple,Contrainte hydrique,1,4,4,droite,482,53,123,4,,200
EL4X_329.EL4X_376 wt b1,B1 - 4 - 5,Couple,Contrainte hydrique,1,4,5,gauche,329,51,158,4,,240
EL4X_329.EL4X_376 wt b1,B1 - 4 - 5,Couple,Contrainte hydrique,1,4,5,droite,376,50,124,5,,250
EL4X_130.EL4X_130 wt b1,B1 - 4 - 6,Monoculture,Contrainte hydrique,1,4,6,gauche,130,47,143,4,,187
EL4X_130.EL4X_130 wt b1,B1 - 4 - 6,Monoculture,Contrainte hydrique,1,4,6,droite,130,48,138,4,,135
EL4X_165.EL4X_130 wt b1,B1 - 4 - 7,Couple,Contrainte hydrique,1,4,7,gauche,165,42,194,5,,150
EL4X_165.EL4X_130 wt b1,B1 - 4 - 7,Couple,Contrainte hydrique,1,4,7,droite,130,38,161,4,,174
EL4X_412.EL4X_74 wt b1,B1 - 4 - 8,Couple,Contrainte hydrique,1,4,8,gauche,412,54,135,5,,147
EL4X_412.EL4X_74 wt b1,B1 - 4 - 8,Couple,Contrainte hydrique,1,4,8,droite,74,42,180,5,,162
EL4X_329.EL4X_235 wt b1,B1 - 4 - 9,Couple,Contrainte hydrique,1,4,9,gauche,329,47,88,4,,165
EL4X_329.EL4X_235 wt b1,B1 - 4 - 9,Couple,Contrainte hydrique,1,4,9,droite,235,39,132,4,,138
EL4X_395.EL4X_114 wt b1,B1 - 5 - 1,Couple,Contrainte hydrique,1,5,1,gauche,395,52,118,4,,106
EL4X_395.EL4X_114 wt b1,B1 - 5 - 1,Couple,Contrainte hydrique,1,5,1,droite,114,47,115,5,,110
EL4X_130.EL4X_131 wt b1,B1 - 5 - 2,Couple,Contrainte hydrique,1,5,2,gauche,130,22,163,3,,93
EL4X_130.EL4X_131 wt b1,B1 - 5 - 2,Couple,Contrainte hydrique,1,5,2,droite,131,54,190,4,,130
EL4X_376.EL4X_376 wt b1,B1 - 5 - 3,Monoculture,Contrainte hydrique,1,5,3,gauche,376,62,176,4,,200
EL4X_376.EL4X_376 wt b1,B1 - 5 - 3,Monoculture,Contrainte hydrique,1,5,3,droite,376,42,162,4,,150
EL4X_165.EL4X_412 wt b1,B1 - 5 - 4,Couple,Contrainte hydrique,1,5,4,gauche,165,42,133,5,,135
EL4X_165.EL4X_412 wt b1,B1 - 5 - 4,Couple,Contrainte hydrique,1,5,4,droite,412,55,174,5,,181
EL4X_118.EL4X_118 wt b1,B1 - 5 - 5,Monoculture,Contrainte hydrique,1,5,5,gauche,118,43,144,4,,150
EL4X_118.EL4X_118 wt b1,B1 - 5 - 5,Monoculture,Contrainte hydrique,1,5,5,droite,118,36,110,4,,131
EL4X_131.EL4X_131 wt b1,B1 - 5 - 6,Monoculture,Contrainte hydrique,1,5,6,gauche,131,56,174,5,,140
EL4X_131.EL4X_131 wt b1,B1 - 5 - 6,Monoculture,Contrainte hydrique,1,5,6,droite,131,62,180,5,,160
EL4X_130.EL4X_412 wt b1,B1 - 5 - 7,Couple,Contrainte hydrique,1,5,7,gauche,130,28,165,4,,107
EL4X_130.EL4X_412 wt b1,B1 - 5 - 7,Couple,Contrainte hydrique,1,5,7,droite,412,48,121,5,,158
EL4X_348.EL4X_348 wt b1,B1 - 5 - 8,Monoculture,Contrainte hydrique,1,5,8,gauche,348,31,153,5,,180
EL4X_348.EL4X_348 wt b1,B1 - 5 - 8,Monoculture,Contrainte hydrique,1,5,8,droite,348,41,160,5,,214
EL4X_131.EL4X_74 wt b1,B1 - 5 - 9,Couple,Contrainte hydrique,1,5,9,gauche,131,69,195,6,,150
EL4X_131.EL4X_74 wt b1,B1 - 5 - 9,Couple,Contrainte hydrique,1,5,9,droite,74,45,143,4,,210
EL4X_376.EL4X_235 WT b2,B2 - 1 - 1,Couple,Bien irrigue,2,1,1,gauche,376,67,186,5,,167
EL4X_376.EL4X_235 WT b2,B2 - 1 - 1,Couple,Bien irrigue,2,1,1,droite,235,47,127,4,,117
EL4X_114.EL4X_376 WT b2,B2 - 1 - 2,Couple,Bien irrigue,2,1,2,gauche,114,41,136,4,,125
EL4X_114.EL4X_376 WT b2,B2 - 1 - 2,Couple,Bien irrigue,2,1,2,droite,376,49,207,5,,155
EL4X_395.EL4X_114 WT b2,B2 - 1 - 3,Couple,Bien irrigue,2,1,3,gauche,395,52,125,4,,105
EL4X_395.EL4X_114 WT b2,B2 - 1 - 3,Couple,Bien irrigue,2,1,3,droite,114,47,67,3,,100
EL4X_165.EL4X_412 WT b2,B2 - 1 - 4,Couple,Bien irrigue,2,1,4,gauche,165,51,169,5,,197
EL4X_165.EL4X_412 WT b2,B2 - 1 - 4,Couple,Bien irrigue,2,1,4,droite,412,54,114,5,,110
EL4X_329.EL4X_395 WT b2,B2 - 1 - 5,Couple,Bien irrigue,2,1,5,gauche,329,50,NA,NA,,NA
EL4X_329.EL4X_395 WT b2,B2 - 1 - 5,Couple,Bien irrigue,2,1,5,droite,395,52,74,5,,142
EL4X_482.EL4X_348 WT b2,B2 - 1 - 6,Couple,Bien irrigue,2,1,6,gauche,482,49,56,3,,118
EL4X_482.EL4X_348 WT b2,B2 - 1 - 6,Couple,Bien irrigue,2,1,6,droite,348,50,141,4,,212
EL4X_114.EL4X_114 WT b2,B2 - 1 - 7,Monoculture,Bien irrigue,2,1,7,gauche,114,40,140,4,,130
EL4X_114.EL4X_114 WT b2,B2 - 1 - 7,Monoculture,Bien irrigue,2,1,7,droite,114,47,137,5,,125
EL4X_348.EL4X_348 WT b2,B2 - 1 - 8,Monoculture,Bien irrigue,2,1,8,gauche,348,48,102,4,,155
EL4X_348.EL4X_348 WT b2,B2 - 1 - 8,Monoculture,Bien irrigue,2,1,8,droite,348,44,143,5,,146
EL4X_482.EL4X_265 WT b2,B2 - 1 - 9,Couple,Bien irrigue,2,1,9,gauche,482,53,NA,NA,,NA
EL4X_482.EL4X_265 WT b2,B2 - 1 - 9,Couple,Bien irrigue,2,1,9,droite,265,40,83,4,,149
EL4X_89.EL4X_118 WT b2,B2 - 2 - 1,Couple,Bien irrigue,2,2,1,gauche,89,43,150,5,,127
EL4X_89.EL4X_118 WT b2,B2 - 2 - 1,Couple,Bien irrigue,2,2,1,droite,118,40,121,5,,150
EL4X_395.EL4X_395 WT b2,B2 - 2 - 2,Monoculture,Bien irrigue,2,2,2,gauche,395,52,107,4,,111
EL4X_395.EL4X_395 WT b2,B2 - 2 - 2,Monoculture,Bien irrigue,2,2,2,droite,395,51,183,5,,131
EL4X_235.EL4X_235 WT b2,B2 - 2 - 3,Monoculture,Bien irrigue,2,2,3,gauche,235,40,142,5,,106
EL4X_235.EL4X_235 WT b2,B2 - 2 - 3,Monoculture,Bien irrigue,2,2,3,droite,235,38,154,4,,111
EL4X_395.EL4X_376 WT b2,B2 - 2 - 4,Couple,Bien irrigue,2,2,4,gauche,395,45,110,4,,123
EL4X_395.EL4X_376 WT b2,B2 - 2 - 4,Couple,Bien irrigue,2,2,4,droite,376,50,157,5,,159
EL4X_329.EL4X_376 WT b2,B2 - 2 - 5,Couple,Bien irrigue,2,2,5,gauche,329,50,101,5,,192
EL4X_329.EL4X_376 WT b2,B2 - 2 - 5,Couple,Bien irrigue,2,2,5,droite,376,65,187,5,,163
EL4X_130.EL4X_131 WT b2,B2 - 2 - 6,Couple,Bien irrigue,2,2,6,gauche,130,41,150,4,,175
EL4X_130.EL4X_131 WT b2,B2 - 2 - 6,Couple,Bien irrigue,2,2,6,droite,131,55,140,4,,114
EL4X_265.EL4X_348 WT b2,B2 - 2 - 7,Couple,Bien irrigue,2,2,7,gauche,265,48,143,4,,196
EL4X_265.EL4X_348 WT b2,B2 - 2 - 7,Couple,Bien irrigue,2,2,7,droite,348,49,152,4,,213
EL4X_165.EL4X_130 WT b2,B2 - 2 - 8,Couple,Bien irrigue,2,2,8,gauche,165,47,131,4,,125
EL4X_165.EL4X_130 WT b2,B2 - 2 - 8,Couple,Bien irrigue,2,2,8,droite,130,50,124,4,,164
EL4X_118.EL4X_118 WT b2,B2 - 2 - 9,Monoculture,Bien irrigue,2,2,9,gauche,118,34,162,4,,180
EL4X_118.EL4X_118 WT b2,B2 - 2 - 9,Monoculture,Bien irrigue,2,2,9,droite,118,50,129,4,,149
EL4X_118.EL4X_348 WT b2,B2 - 3 - 1,Couple,Bien irrigue,2,3,1,gauche,118,30,116,5,,133
EL4X_118.EL4X_348 WT b2,B2 - 3 - 1,Couple,Bien irrigue,2,3,1,droite,348,42,165,4,,176
EL4X_165.EL4X_131 WT b2,B2 - 3 - 2,Couple,Bien irrigue,2,3,2,gauche,165,48,175,5,,176
EL4X_165.EL4X_131 WT b2,B2 - 3 - 2,Couple,Bien irrigue,2,3,2,droite,131,56,177,5,,117
EL4X_114.EL4X_235 WT b2,B2 - 3 - 3,Couple,Bien irrigue,2,3,3,gauche,114,43,123,5,,117
EL4X_114.EL4X_235 WT b2,B2 - 3 - 3,Couple,Bien irrigue,2,3,3,droite,235,41,163,5,,121
EL4X_130.EL4X_412 WT b2,B2 - 3 - 4,Couple,Bien irrigue,2,3,4,gauche,130,45,82,4,,164
EL4X_130.EL4X_412 WT b2,B2 - 3 - 4,Couple,Bien irrigue,2,3,4,droite,412,47,166,4,,167
EL4X_482.EL4X_118 WT b2,B2 - 3 - 5,Couple,Bien irrigue,2,3,5,gauche,482,46,130,5,,156
EL4X_482.EL4X_118 WT b2,B2 - 3 - 5,Couple,Bien irrigue,2,3,5,droite,118,44,139,4,,148
EL4X_89.EL4X_265 WT b2,B2 - 3 - 6,Couple,Bien irrigue,2,3,6,gauche,89,48,145,5,,201
EL4X_89.EL4X_265 WT b2,B2 - 3 - 6,Couple,Bien irrigue,2,3,6,droite,265,41,165,4,,155
EL4X_412.EL4X_412 WT b2,B2 - 3 - 7,Monoculture,Bien irrigue,2,3,7,gauche,412,63,149,4,,129
EL4X_412.EL4X_412 WT b2,B2 - 3 - 7,Monoculture,Bien irrigue,2,3,7,droite,412,38,150,5,,150
EL4X_131.EL4X_74 WT b2,B2 - 3 - 8,Couple,Bien irrigue,2,3,8,gauche,131,51,180,5,,148
EL4X_131.EL4X_74 WT b2,B2 - 3 - 8,Couple,Bien irrigue,2,3,8,droite,74,49,145,5,,192
EL4X_482.EL4X_482 WT b2,B2 - 3 - 9,Monoculture,Bien irrigue,2,3,9,gauche,482,53,94,4,,139
EL4X_482.EL4X_482 WT b2,B2 - 3 - 9,Monoculture,Bien irrigue,2,3,9,droite,482,46,157,5,,226
EL4X_165.EL4X_165 WT b2,B2 - 4 - 1,Monoculture,Bien irrigue,2,4,1,gauche,165,50,147,4,,162
EL4X_165.EL4X_165 WT b2,B2 - 4 - 1,Monoculture,Bien irrigue,2,4,1,droite,165,51,179,4,,175
EL4X_130.EL4X_74 WT b2,B2 - 4 - 2,Couple,Bien irrigue,2,4,2,gauche,130,61,129,4,,182
EL4X_130.EL4X_74 WT b2,B2 - 4 - 2,Couple,Bien irrigue,2,4,2,droite,74,49,126,4,,213
EL4X_265.EL4X_265 WT b2,B2 - 4 - 3,Monoculture,Bien irrigue,2,4,3,gauche,265,39,95,4,,165
EL4X_265.EL4X_265 WT b2,B2 - 4 - 3,Monoculture,Bien irrigue,2,4,3,droite,265,46,144,4,,176
EL4X_130.EL4X_130 WT b2,B2 - 4 - 4,Monoculture,Bien irrigue,2,4,4,gauche,130,44,166,5,,151
EL4X_130.EL4X_130 WT b2,B2 - 4 - 4,Monoculture,Bien irrigue,2,4,4,droite,130,41,120,4,,189
EL4X_329.EL4X_235 WT b2,B2 - 4 - 5,Couple,Bien irrigue,2,4,5,gauche,329,55,137,5,,138
EL4X_329.EL4X_235 WT b2,B2 - 4 - 5,Couple,Bien irrigue,2,4,5,droite,235,44,102,5,,197
EL4X_74.EL4X_74 WT b2,B2 - 4 - 6,Monoculture,Bien irrigue,2,4,6,gauche,74,48,138,4,,202
EL4X_74.EL4X_74 WT b2,B2 - 4 - 6,Monoculture,Bien irrigue,2,4,6,droite,74,47,132,4,,216
EL4X_329.EL4X_114 WT b2,B2 - 4 - 7,Couple,Bien irrigue,2,4,7,gauche,329,47,86,4,,180
EL4X_329.EL4X_114 WT b2,B2 - 4 - 7,Couple,Bien irrigue,2,4,7,droite,114,40,109,5,,134
EL4X_329.EL4X_329 WT b2,B2 - 4 - 8,Monoculture,Bien irrigue,2,4,8,gauche,329,50,100,5,,190
EL4X_329.EL4X_329 WT b2,B2 - 4 - 8,Monoculture,Bien irrigue,2,4,8,droite,329,53,88,5,,176
EL4X_376.EL4X_376 WT b2,B2 - 4 - 9,Monoculture,Bien irrigue,2,4,9,gauche,376,48,188,5,,146
EL4X_376.EL4X_376 WT b2,B2 - 4 - 9,Monoculture,Bien irrigue,2,4,9,droite,376,48,166,4,,143
EL4X_412.EL4X_74 WT b2,B2 - 5 - 1,Couple,Bien irrigue,2,5,1,gauche,412,56,139,6,,166
EL4X_412.EL4X_74 WT b2,B2 - 5 - 1,Couple,Bien irrigue,2,5,1,droite,74,44,104,4,,221
EL4X_165.EL4X_74 WT b2,B2 - 5 - 2,Couple,Bien irrigue,2,5,2,gauche,165,49,NA,NA,,163
EL4X_165.EL4X_74 WT b2,B2 - 5 - 2,Couple,Bien irrigue,2,5,2,droite,74,41,145,4,,194
EL4X_412.EL4X_131 WT b2,B2 - 5 - 3,Couple,Bien irrigue,2,5,3,gauche,412,56,64,3,,79
EL4X_412.EL4X_131 WT b2,B2 - 5 - 3,Couple,Bien irrigue,2,5,3,droite,131,45,165,5,,135
EL4X_395.EL4X_235 WT b2,B2 - 5 - 4,Couple,Bien irrigue,2,5,4,gauche,395,45,NA,NA,31,NA
EL4X_395.EL4X_235 WT b2,B2 - 5 - 4,Couple,Bien irrigue,2,5,4,droite,235,43,107,3,,130
EL4X_89.EL4X_348 WT b2,B2 - 5 - 5,Couple,Bien irrigue,2,5,5,gauche,89,43,97,4,,139
EL4X_89.EL4X_348 WT b2,B2 - 5 - 5,Couple,Bien irrigue,2,5,5,droite,348,51,140,5,,187
EL4X_265.EL4X_118 WT b2,B2 - 5 - 6,Couple,Bien irrigue,2,5,6,gauche,265,48,125,4,,131
EL4X_265.EL4X_118 WT b2,B2 - 5 - 6,Couple,Bien irrigue,2,5,6,droite,118,NA,139,5,,125
EL4X_131.EL4X_131 WT b2,B2 - 5 - 7,Monoculture,Bien irrigue,2,5,7,gauche,131,32,183,5,,150
EL4X_131.EL4X_131 WT b2,B2 - 5 - 7,Monoculture,Bien irrigue,2,5,7,droite,131,60,174,4,,154
EL4X_89.EL4X_482 WT b2,B2 - 5 - 8,Couple,Bien irrigue,2,5,8,gauche,89,46,151,4,,181
EL4X_89.EL4X_482 WT b2,B2 - 5 - 8,Couple,Bien irrigue,2,5,8,droite,482,52,169,5,,242
EL4X_89.EL4X_89 WT b2,B2 - 5 - 9,Monoculture,Bien irrigue,2,5,9,gauche,89,41,157,5,,152
EL4X_89.EL4X_89 WT b2,B2 - 5 - 9,Monoculture,Bien irrigue,2,5,9,droite,89,42,84,5,,NA
EL4X_131.EL4X_131 wt b3,B3 - 1 - 1,Monoculture,Contraite hydrique,3,1,1,gauche,131,54,161,5,,128
EL4X_131.EL4X_131 wt b3,B3 - 1 - 1,Monoculture,Contraite hydrique,3,1,1,droite,131,47,148,4,,118
EL4X_412.EL4X_412 wt b3,B3 - 1 - 2,Monoculture,Contraite hydrique,3,1,2,gauche,412,49,121,5,,134
EL4X_412.EL4X_412 wt b3,B3 - 1 - 2,Monoculture,Contraite hydrique,3,1,2,droite,412,63,109,4,,152
EL4X_329.EL4X_376 wt b3,B3 - 1 - 3,Couple,Contraite hydrique,3,1,3,gauche,329,50,84,4,,171
EL4X_329.EL4X_376 wt b3,B3 - 1 - 3,Couple,Contraite hydrique,3,1,3,droite,376,55,145,3,,161
EL4X_89.EL4X_118 wt b3,B3 - 1 - 4,Couple,Contraite hydrique,3,1,4,gauche,89,48,114,5,,8
EL4X_89.EL4X_118 wt b3,B3 - 1 - 4,Couple,Contraite hydrique,3,1,4,droite,118,32,141,4,,126
EL4X_329.EL4X_114 wt b3,B3 - 1 - 5,Couple,Contraite hydrique,3,1,5,gauche,329,57,111,5,,226
EL4X_329.EL4X_114 wt b3,B3 - 1 - 5,Couple,Contraite hydrique,3,1,5,droite,114,41,141,4,,141
EL4X_74.EL4X_74 wt b3,B3 - 1 - 6,Monoculture,Contraite hydrique,3,1,6,gauche,74,38,107,5,,225
EL4X_74.EL4X_74 wt b3,B3 - 1 - 6,Monoculture,Contraite hydrique,3,1,6,droite,74,45,89,4,,210
EL4X_329.EL4X_395 wt b3,B3 - 1 - 7,Couple,Contraite hydrique,3,1,7,gauche,329,58,104,4,,211
EL4X_329.EL4X_395 wt b3,B3 - 1 - 7,Couple,Contraite hydrique,3,1,7,droite,395,56,NA,NA,81,NA
EL4X_265.EL4X_265 wt b3,B3 - 1 - 8,Monoculture,Contraite hydrique,3,1,8,gauche,265,48,158,4,,171
EL4X_265.EL4X_265 wt b3,B3 - 1 - 8,Monoculture,Contraite hydrique,3,1,8,droite,265,43,128,4,,168
EL4X_165.EL4X_130 wt b3,B3 - 1 - 9,Couple,Contraite hydrique,3,1,9,gauche,165,49,152,4,,170
EL4X_165.EL4X_130 wt b3,B3 - 1 - 9,Couple,Contraite hydrique,3,1,9,droite,130,54,156,4,,176
EL4X_131.EL4X_74 wt b3,B3 - 2 - 1,Couple,Contraite hydrique,3,2,1,gauche,131,63,158,4,,114
EL4X_131.EL4X_74 wt b3,B3 - 2 - 1,Couple,Contraite hydrique,3,2,1,droite,74,41,126,5,,207
EL4X_395.EL4X_395 wt b3,B3 - 2 - 2,Monoculture,Contraite hydrique,3,2,2,gauche,395,47,164,5,,134
EL4X_395.EL4X_395 wt b3,B3 - 2 - 2,Monoculture,Contraite hydrique,3,2,2,droite,395,52,93,2,,99
EL4X_89.EL4X_89 wt b3,B3 - 2 - 3,Monoculture,Contraite hydrique,3,2,3,gauche,89,46,66,2,,71
EL4X_89.EL4X_89 wt b3,B3 - 2 - 3,Monoculture,Contraite hydrique,3,2,3,droite,89,43,139,5,,182
EL4X_482.EL4X_118 wt b3,B3 - 2 - 4,Couple,Contraite hydrique,3,2,4,gauche,482,53,108,3,,168
EL4X_482.EL4X_118 wt b3,B3 - 2 - 4,Couple,Contraite hydrique,3,2,4,droite,118,29,106,5,,164
EL4X_482.EL4X_348 wt b3,B3 - 2 - 5,Couple,Contraite hydrique,3,2,5,gauche,482,43,NA,NA,,NA
EL4X_482.EL4X_348 wt b3,B3 - 2 - 5,Couple,Contraite hydrique,3,2,5,droite,348,48,149,5,,191
EL4X_130.EL4X_412 wt b3,B3 - 2 - 6,Couple,Contraite hydrique,3,2,6,gauche,130,48,156,5,,172
EL4X_130.EL4X_412 wt b3,B3 - 2 - 6,Couple,Contraite hydrique,3,2,6,droite,412,50,41,4,,148
EL4X_89.EL4X_348 wt b3,B3 - 2 - 7,Couple,Contraite hydrique,3,2,7,gauche,89,46,NA,NA,192,NA
EL4X_89.EL4X_348 wt b3,B3 - 2 - 7,Couple,Contraite hydrique,3,2,7,droite,348,47,178,5,,200
EL4X_329.EL4X_235 wt b3,B3 - 2 - 8,Couple,Contraite hydrique,3,2,8,gauche,329,57,88,4,,148
EL4X_329.EL4X_235 wt b3,B3 - 2 - 8,Couple,Contraite hydrique,3,2,8,droite,235,45,64,3,,103
EL4X_165.EL4X_74 wt b3,B3 - 2 - 9,Couple,Contraite hydrique,3,2,9,gauche,165,44,NA,NA,,NA
EL4X_165.EL4X_74 wt b3,B3 - 2 - 9,Couple,Contraite hydrique,3,2,9,droite,74,44,122,5,,196
EL4X_130.EL4X_74 wt b3,B3 - 3 - 1,Couple,Contraite hydrique,3,3,1,gauche,130,45,168,5,,165
EL4X_130.EL4X_74 wt b3,B3 - 3 - 1,Couple,Contraite hydrique,3,3,1,droite,74,48,132,5,,183
EL4X_482.EL4X_482 wt b3,B3 - 3 - 2,Monoculture,Contraite hydrique,3,3,2,gauche,482,49,121,4,,184
EL4X_482.EL4X_482 wt b3,B3 - 3 - 2,Monoculture,Contraite hydrique,3,3,2,droite,482,46,165,5,,174
EL4X_165.EL4X_412 wt b3,B3 - 3 - 3,Couple,Contraite hydrique,3,3,3,gauche,165,49,148,4,,170
EL4X_165.EL4X_412 wt b3,B3 - 3 - 3,Couple,Contraite hydrique,3,3,3,droite,412,56,33,2,,184
EL4X_376.EL4X_376 wt b3,B3 - 3 - 4,Monoculture,Contraite hydrique,3,3,4,gauche,376,57,222,5,,136
EL4X_376.EL4X_376 wt b3,B3 - 3 - 4,Monoculture,Contraite hydrique,3,3,4,droite,376,45,161,5,,136
EL4X_114.EL4X_235 wt b3,B3 - 3 - 5,Couple,Contraite hydrique,3,3,5,gauche,114,42,168,5,,134
EL4X_114.EL4X_235 wt b3,B3 - 3 - 5,Couple,Contraite hydrique,3,3,5,droite,235,48,127,5,,136
EL4X_395.EL4X_114 wt b3,B3 - 3 - 6,Couple,Contraite hydrique,3,3,6,gauche,395,40,NA,NA,108,NA
EL4X_395.EL4X_114 wt b3,B3 - 3 - 6,Couple,Contraite hydrique,3,3,6,droite,114,44,95,4,,167
EL4X_265.EL4X_118 wt b3,B3 - 3 - 7,Couple,Contraite hydrique,3,3,7,gauche,265,48,161,4,,156
EL4X_265.EL4X_118 wt b3,B3 - 3 - 7,Couple,Contraite hydrique,3,3,7,droite,118,39,133,4,,130
EL4X_118.EL4X_118 wt b3,B3 - 3 - 8,Monoculture,Contraite hydrique,3,3,8,gauche,118,25,145,4,,80
EL4X_118.EL4X_118 wt b3,B3 - 3 - 8,Monoculture,Contraite hydrique,3,3,8,droite,118,29,119,4,,112
EL4X_395.EL4X_376 wt b3,B3 - 3 - 9,Couple,Contraite hydrique,3,3,9,gauche,395,54,65,3,,61
EL4X_395.EL4X_376 wt b3,B3 - 3 - 9,Couple,Contraite hydrique,3,3,9,droite,376,74,174,5,,173
EL4X_482.EL4X_265 wt b3,B3 - 4 - 1,Couple,Contraite hydrique,3,4,1,gauche,482,50,128,5,,171
EL4X_482.EL4X_265 wt b3,B3 - 4 - 1,Couple,Contraite hydrique,3,4,1,droite,265,43,112,4,,125
EL4X_412.EL4X_74 wt b3,B3 - 4 - 2,Couple,Contraite hydrique,3,4,2,gauche,412,50,104,4,,130
EL4X_412.EL4X_74 wt b3,B3 - 4 - 2,Couple,Contraite hydrique,3,4,2,droite,74,41,129,4,,196
EL4X_412.EL4X_131 wt b3,B3 - 4 - 3,Couple,Contraite hydrique,3,4,3,gauche,412,66,132,4,,164
EL4X_412.EL4X_131 wt b3,B3 - 4 - 3,Couple,Contraite hydrique,3,4,3,droite,131,53,149,4,,125
EL4X_395.EL4X_235 wt b3,B3 - 4 - 4,Couple,Contraite hydrique,3,4,4,gauche,395,51,NA,NA,,NA
EL4X_395.EL4X_235 wt b3,B3 - 4 - 4,Couple,Contraite hydrique,3,4,4,droite,235,45,117,4,,103
EL4X_376.EL4X_235 wt b3,B3 - 4 - 5,Couple,Contraite hydrique,3,4,5,gauche,376,37,214,5,,148
EL4X_376.EL4X_235 wt b3,B3 - 4 - 5,Couple,Contraite hydrique,3,4,5,droite,235,43,108,4,,114
EL4X_265.EL4X_348 wt b3,B3 - 4 - 6,Couple,Contraite hydrique,3,4,6,gauche,265,45,NA,NA,,NA
EL4X_265.EL4X_348 wt b3,B3 - 4 - 6,Couple,Contraite hydrique,3,4,6,droite,348,41,NA,NA,,NA
EL4X_130.EL4X_130 wt b3,B3 - 4 - 7,Monoculture,Contraite hydrique,3,4,7,gauche,130,44,186,5,,146
EL4X_130.EL4X_130 wt b3,B3 - 4 - 7,Monoculture,Contraite hydrique,3,4,7,droite,130,40,145,4,,125
EL4X_118.EL4X_348 wt b3,B3 - 4 - 8,Couple,Contraite hydrique,3,4,8,gauche,118,36,120,4,,135
EL4X_118.EL4X_348 wt b3,B3 - 4 - 8,Couple,Contraite hydrique,3,4,8,droite,348,47,141,4,,160
EL4X_165.EL4X_165 wt b3,B3 - 4 - 9,Monoculture,Contraite hydrique,3,4,9,gauche,165,47,132,3,,123
EL4X_165.EL4X_165 wt b3,B3 - 4 - 9,Monoculture,Contraite hydrique,3,4,9,droite,165,51,143,5,,NA
EL4X_329.EL4X_329 wt b3,B3 - 5 - 1,Monoculture,Contraite hydrique,3,5,1,gauche,329,48,104,4,,190
EL4X_329.EL4X_329 wt b3,B3 - 5 - 1,Monoculture,Contraite hydrique,3,5,1,droite,329,55,103,4,,177
EL4X_114.EL4X_376 wt b3,B3 - 5 - 2,Couple,Contraite hydrique,3,5,2,gauche,114,40,NA,NA,183,NA
EL4X_114.EL4X_376 wt b3,B3 - 5 - 2,Couple,Contraite hydrique,3,5,2,droite,376,48,151,4,,134
EL4X_89.EL4X_482 wt b3,B3 - 5 - 3,Couple,Contraite hydrique,3,5,3,gauche,89,45,130,4,,134
EL4X_89.EL4X_482 wt b3,B3 - 5 - 3,Couple,Contraite hydrique,3,5,3,droite,482,47,151,4,,190
EL4X_89.EL4X_265 wt b3,B3 - 5 - 4,Couple,Contraite hydrique,3,5,4,gauche,89,46,NA,NA,140,NA
EL4X_89.EL4X_265 wt b3,B3 - 5 - 4,Couple,Contraite hydrique,3,5,4,droite,265,40,120,3,,141
EL4X_235.EL4X_235 wt b3,B3 - 5 - 5,Monoculture,Contraite hydrique,3,5,5,gauche,235,44,154,5,,134
EL4X_235.EL4X_235 wt b3,B3 - 5 - 5,Monoculture,Contraite hydrique,3,5,5,droite,235,48,100,4,,105
EL4X_114.EL4X_114 wt b3,B3 - 5 - 6,Monoculture,Contraite hydrique,3,5,6,gauche,114,43,94,2,,93
EL4X_114.EL4X_114 wt b3,B3 - 5 - 6,Monoculture,Contraite hydrique,3,5,6,droite,114,44,130,4,,142
EL4X_165.EL4X_131 wt b3,B3 - 5 - 7,Couple,Contraite hydrique,3,5,7,gauche,165,54,184,5,,161
EL4X_165.EL4X_131 wt b3,B3 - 5 - 7,Couple,Contraite hydrique,3,5,7,droite,131,55,125,3,,125
EL4X_348.EL4X_348 wt b3,B3 - 5 - 8,Monoculture,Contraite hydrique,3,5,8,gauche,348,47,150,4,,166
EL4X_348.EL4X_348 wt b3,B3 - 5 - 8,Monoculture,Contraite hydrique,3,5,8,droite,348,42,122,3,,136
EL4X_130.EL4X_131 wt b3,B3 - 5 - 9,Couple,Contraite hydrique,3,5,9,gauche,130,46,140,4,,146
EL4X_130.EL4X_131 wt b3,B3 - 5 - 9,Couple,Contraite hydrique,3,5,9,droite,131,46,156,4,,116
EL4X_329.EL4X_235 WT b4,B4 - 1 - 1,Couple,Bien irrigue,4,1,1,gauche,329,55,88,3,,193
EL4X_329.EL4X_235 WT b4,B4 - 1 - 1,Couple,Bien irrigue,4,1,1,droite,235,44,165,5,,123
EL4X_329.EL4X_395 WT b4,B4 - 1 - 2,Couple,Bien irrigue,4,1,2,gauche,329,51,125,4,,145
EL4X_329.EL4X_395 WT b4,B4 - 1 - 2,Couple,Bien irrigue,4,1,2,droite,395,54,73,4,,65
EL4X_89.EL4X_89 WT b4,B4 - 1 - 3,Monoculture,Bien irrigue,4,1,3,gauche,89,41,156,5,,136
EL4X_89.EL4X_89 WT b4,B4 - 1 - 3,Monoculture,Bien irrigue,4,1,3,droite,89,42,145,5,,174
EL4X_395.EL4X_114 WT b4,B4 - 1 - 4,Couple,Bien irrigue,4,1,4,gauche,395,51,135,4,,120
EL4X_395.EL4X_114 WT b4,B4 - 1 - 4,Couple,Bien irrigue,4,1,4,droite,114,46,83,4,,56
EL4X_395.EL4X_395 WT b4,B4 - 1 - 5,Monoculture,Bien irrigue,4,1,5,gauche,395,49,95,3,,97
EL4X_395.EL4X_395 WT b4,B4 - 1 - 5,Monoculture,Bien irrigue,4,1,5,droite,395,46,205,4,,145
EL4X_412.EL4X_131 WT b4,B4 - 1 - 6,Couple,Bien irrigue,4,1,6,gauche,412,48,102,4,,113
EL4X_412.EL4X_131 WT b4,B4 - 1 - 6,Couple,Bien irrigue,4,1,6,droite,131,51,172,5,,134
EL4X_130.EL4X_131 WT b4,B4 - 1 - 7,Couple,Bien irrigue,4,1,7,gauche,130,31,138,3,,123
EL4X_130.EL4X_131 WT b4,B4 - 1 - 7,Couple,Bien irrigue,4,1,7,droite,131,44,85,3,,93
EL4X_265.EL4X_348 WT b4,B4 - 1 - 8,Couple,Bien irrigue,4,1,8,gauche,265,38,160,4,,168
EL4X_265.EL4X_348 WT b4,B4 - 1 - 8,Couple,Bien irrigue,4,1,8,droite,348,46,130,4,,171
EL4X_118.EL4X_118 WT b4,B4 - 1 - 9,Monoculture,Bien irrigue,4,1,9,gauche,118,41,145,5,,140
EL4X_118.EL4X_118 WT b4,B4 - 1 - 9,Monoculture,Bien irrigue,4,1,9,droite,118,34,140,4,,133
EL4X_165.EL4X_130 WT b4,B4 - 2 - 1,Couple,Bien irrigue,4,2,1,gauche,165,47,NA,NA,,NA
EL4X_165.EL4X_130 WT b4,B4 - 2 - 1,Couple,Bien irrigue,4,2,1,droite,130,49,195,4,,200
EL4X_329.EL4X_376 WT b4,B4 - 2 - 2,Couple,Bien irrigue,4,2,2,gauche,329,58,93,4,,132
EL4X_329.EL4X_376 WT b4,B4 - 2 - 2,Couple,Bien irrigue,4,2,2,droite,376,61,135,4,,160
EL4X_165.EL4X_74 WT b4,B4 - 2 - 3,Couple,Bien irrigue,4,2,3,gauche,165,50,132,4,,166
EL4X_165.EL4X_74 WT b4,B4 - 2 - 3,Couple,Bien irrigue,4,2,3,droite,74,44,125,4,,205
EL4X_131.EL4X_74 WT b4,B4 - 2 - 4,Couple,Bien irrigue,4,2,4,gauche,131,39,184,5,,143
EL4X_131.EL4X_74 WT b4,B4 - 2 - 4,Couple,Bien irrigue,4,2,4,droite,74,48,125,4,,201
EL4X_395.EL4X_235 WT b4,B4 - 2 - 5,Couple,Bien irrigue,4,2,5,gauche,395,54,145,4,,125
EL4X_395.EL4X_235 WT b4,B4 - 2 - 5,Couple,Bien irrigue,4,2,5,droite,235,41,112,4,,130
EL4X_130.EL4X_412 WT b4,B4 - 2 - 6,Couple,Bien irrigue,4,2,6,gauche,130,44,132,4,,170
EL4X_130.EL4X_412 WT b4,B4 - 2 - 6,Couple,Bien irrigue,4,2,6,droite,412,51,129,5,,138
EL4X_131.EL4X_131 WT b4,B4 - 2 - 7,Monoculture,Bien irrigue,4,2,7,gauche,131,45,157,4,,96
EL4X_131.EL4X_131 WT b4,B4 - 2 - 7,Monoculture,Bien irrigue,4,2,7,droite,131,50,185,4,,125
EL4X_74.EL4X_74 WT b4,B4 - 2 - 8,Monoculture,Bien irrigue,4,2,8,gauche,74,41,120,4,,205
EL4X_74.EL4X_74 WT b4,B4 - 2 - 8,Monoculture,Bien irrigue,4,2,8,droite,74,50,90,3,,171
EL4X_114.EL4X_376 WT b4,B4 - 2 - 9,Couple,Bien irrigue,4,2,9,gauche,114,45,145,4,,133
EL4X_114.EL4X_376 WT b4,B4 - 2 - 9,Couple,Bien irrigue,4,2,9,droite,376,44,182,5,,134
EL4X_482.EL4X_482 WT b4,B4 - 3 - 1,Monoculture,Bien irrigue,4,3,1,gauche,482,45,162,5,,199
EL4X_482.EL4X_482 WT b4,B4 - 3 - 1,Monoculture,Bien irrigue,4,3,1,droite,482,49,150,4,,216
EL4X_89.EL4X_482 WT b4,B4 - 3 - 2,Couple,Bien irrigue,4,3,2,gauche,89,41,131,4,,178
EL4X_89.EL4X_482 WT b4,B4 - 3 - 2,Couple,Bien irrigue,4,3,2,droite,482,50,165,5,,153
EL4X_89.EL4X_118 WT b4,B4 - 3 - 3,Couple,Bien irrigue,4,3,3,gauche,89,42,160,5,,151
EL4X_89.EL4X_118 WT b4,B4 - 3 - 3,Couple,Bien irrigue,4,3,3,droite,118,32,130,4,,133
EL4X_235.EL4X_235 WT b4,B4 - 3 - 4,Monoculture,Bien irrigue,4,3,4,gauche,235,41,158,5,,141
EL4X_235.EL4X_235 WT b4,B4 - 3 - 4,Monoculture,Bien irrigue,4,3,4,droite,235,40,118,5,,132
EL4X_265.EL4X_118 WT b4,B4 - 3 - 5,Couple,Bien irrigue,4,3,5,gauche,265,41,35,3,,115
EL4X_265.EL4X_118 WT b4,B4 - 3 - 5,Couple,Bien irrigue,4,3,5,droite,118,30,132,5,,135
EL4X_165.EL4X_131 WT b4,B4 - 3 - 6,Couple,Bien irrigue,4,3,6,gauche,165,49,95,4,,178
EL4X_165.EL4X_131 WT b4,B4 - 3 - 6,Couple,Bien irrigue,4,3,6,droite,131,43,143,5,,108
EL4X_118.EL4X_348 WT b4,B4 - 3 - 7,Couple,Bien irrigue,4,3,7,gauche,118,43,130,5,,165
EL4X_118.EL4X_348 WT b4,B4 - 3 - 7,Couple,Bien irrigue,4,3,7,droite,348,49,160,4,,190
EL4X_89.EL4X_348 WT b4,B4 - 3 - 8,Couple,Bien irrigue,4,3,8,gauche,89,48,100,4,,105
EL4X_89.EL4X_348 WT b4,B4 - 3 - 8,Couple,Bien irrigue,4,3,8,droite,348,47,138,5,,190
EL4X_130.EL4X_130 WT b4,B4 - 3 - 9,Monoculture,Bien irrigue,4,3,9,gauche,130,41,170,5,,137
EL4X_130.EL4X_130 WT b4,B4 - 3 - 9,Monoculture,Bien irrigue,4,3,9,droite,130,53,163,4,,170
EL4X_329.EL4X_329 WT b4,B4 - 4 - 1,Monoculture,Bien irrigue,4,4,1,gauche,329,54,128,5,,215
EL4X_329.EL4X_329 WT b4,B4 - 4 - 1,Monoculture,Bien irrigue,4,4,1,droite,329,55,73,4,,135
EL4X_482.EL4X_265 WT b4,B4 - 4 - 2,Couple,Bien irrigue,4,4,2,gauche,482,48,101,4,,192
EL4X_482.EL4X_265 WT b4,B4 - 4 - 2,Couple,Bien irrigue,4,4,2,droite,265,47,104,4,,124
EL4X_482.EL4X_118 WT b4,B4 - 4 - 3,Couple,Bien irrigue,4,4,3,gauche,482,45,115,4,,183
EL4X_482.EL4X_118 WT b4,B4 - 4 - 3,Couple,Bien irrigue,4,4,3,droite,118,27,134,4,,103
EL4X_329.EL4X_114 WT b4,B4 - 4 - 4,Couple,Bien irrigue,4,4,4,gauche,329,53,94,5,,180
EL4X_329.EL4X_114 WT b4,B4 - 4 - 4,Couple,Bien irrigue,4,4,4,droite,114,46,90,3,,116
EL4X_482.EL4X_348 WT b4,B4 - 4 - 5,Couple,Bien irrigue,4,4,5,gauche,482,52,177,4,,180
EL4X_482.EL4X_348 WT b4,B4 - 4 - 5,Couple,Bien irrigue,4,4,5,droite,348,42,105,4,,145
EL4X_376.EL4X_235 WT b4,B4 - 4 - 6,Couple,Bien irrigue,4,4,6,gauche,376,58,116,4,,208
EL4X_376.EL4X_235 WT b4,B4 - 4 - 6,Couple,Bien irrigue,4,4,6,droite,235,38,112,4,,116
EL4X_348.EL4X_348 WT b4,B4 - 4 - 7,Monoculture,Bien irrigue,4,4,7,gauche,348,49,140,4,,184
EL4X_348.EL4X_348 WT b4,B4 - 4 - 7,Monoculture,Bien irrigue,4,4,7,droite,348,47,80,4,,152
EL4X_412.EL4X_74 WT b4,B4 - 4 - 8,Couple,Bien irrigue,4,4,8,gauche,412,55,83,4,,113
EL4X_412.EL4X_74 WT b4,B4 - 4 - 8,Couple,Bien irrigue,4,4,8,droite,74,47,150,4,,212
EL4X_114.EL4X_114 WT b4,B4 - 4 - 9,Monoculture,Bien irrigue,4,4,9,gauche,114,43,100,4,,150
EL4X_114.EL4X_114 WT b4,B4 - 4 - 9,Monoculture,Bien irrigue,4,4,9,droite,114,45,118,3,,154
EL4X_376.EL4X_376 WT b4,B4 - 5 - 1,Monoculture,Bien irrigue,4,5,1,gauche,376,45,174,5,,150
EL4X_376.EL4X_376 WT b4,B4 - 5 - 1,Monoculture,Bien irrigue,4,5,1,droite,376,56,180,5,,177
EL4X_165.EL4X_165 WT b4,B4 - 5 - 2,Monoculture,Bien irrigue,4,5,2,gauche,165,47,103,4,,147
EL4X_165.EL4X_165 WT b4,B4 - 5 - 2,Monoculture,Bien irrigue,4,5,2,droite,165,46,155,5,,174
EL4X_265.EL4X_265 WT b4,B4 - 5 - 3,Monoculture,Bien irrigue,4,5,3,gauche,265,47,140,4,,176
EL4X_265.EL4X_265 WT b4,B4 - 5 - 3,Monoculture,Bien irrigue,4,5,3,droite,265,38,150,4,,198
EL4X_395.EL4X_376 WT b4,B4 - 5 - 4,Couple,Bien irrigue,4,5,4,gauche,395,47,NA,NA,125,NA
EL4X_395.EL4X_376 WT b4,B4 - 5 - 4,Couple,Bien irrigue,4,5,4,droite,376,52,200,4,,200
EL4X_412.EL4X_412 WT b4,B4 - 5 - 5,Monoculture,Bien irrigue,4,5,5,gauche,412,49,85,4,,118
EL4X_412.EL4X_412 WT b4,B4 - 5 - 5,Monoculture,Bien irrigue,4,5,5,droite,412,48,105,4,,130
EL4X_114.EL4X_235 WT b4,B4 - 5 - 6,Couple,Bien irrigue,4,5,6,gauche,114,44,162,4,,120
EL4X_114.EL4X_235 WT b4,B4 - 5 - 6,Couple,Bien irrigue,4,5,6,droite,235,39,135,4,,105
EL4X_165.EL4X_412 WT b4,B4 - 5 - 7,Couple,Bien irrigue,4,5,7,gauche,165,43,NA,NA,,NA
EL4X_165.EL4X_412 WT b4,B4 - 5 - 7,Couple,Bien irrigue,4,5,7,droite,412,50,130,5,,130
EL4X_130.EL4X_74 WT b4,B4 - 5 - 8,Couple,Bien irrigue,4,5,8,gauche,130,21,130,4,,103
EL4X_130.EL4X_74 WT b4,B4 - 5 - 8,Couple,Bien irrigue,4,5,8,droite,74,58,152,5,,245
EL4X_89.EL4X_265 WT b4,B4 - 5 - 9,Couple,Bien irrigue,4,5,9,gauche,89,45,125,4,,120
EL4X_89.EL4X_265 WT b4,B4 - 5 - 9,Couple,Bien irrigue,4,5,9,droite,265,41,132,5,,163
EL4X_329.EL4X_395 wt b5,B5 - 1 - 1,Monoculture,Contrainte hydrique,5,1,1,gauche,329,43,114,3,,194
EL4X_329.EL4X_395 wt b5,B5 - 1 - 1,Monoculture,Contrainte hydrique,5,1,1,droite,395,52,171,5,,148
EL4X_130.EL4X_130 wt b5,B5 - 1 - 2,Monoculture,Contrainte hydrique,5,1,2,gauche,130,35,154,4,,150
EL4X_130.EL4X_130 wt b5,B5 - 1 - 2,Monoculture,Contrainte hydrique,5,1,2,droite,130,43,153,3,,115
EL4X_89.EL4X_118 wt b5,B5 - 1 - 3,Couple,Contrainte hydrique,5,1,3,gauche,89,48,159,5,,152
EL4X_89.EL4X_118 wt b5,B5 - 1 - 3,Couple,Contrainte hydrique,5,1,3,droite,118,26,109,4,,106
EL4X_165.EL4X_165 wt b5,B5 - 1 - 4,Monoculture,Contrainte hydrique,5,1,4,gauche,165,44,127,4,,162
EL4X_165.EL4X_165 wt b5,B5 - 1 - 4,Monoculture,Contrainte hydrique,5,1,4,droite,165,49,109,5,,133
EL4X_165.EL4X_131 wt b5,B5 - 1 - 5,Couple,Contrainte hydrique,5,1,5,gauche,165,43,148,4,,156
EL4X_165.EL4X_131 wt b5,B5 - 1 - 5,Couple,Contrainte hydrique,5,1,5,droite,131,58,135,4,,108
EL4X_114.EL4X_235 wt b5,B5 - 1 - 6,Couple,Contrainte hydrique,5,1,6,gauche,114,40,NA,NA,176,NA
EL4X_114.EL4X_235 wt b5,B5 - 1 - 6,Couple,Contrainte hydrique,5,1,6,droite,235,40,106,4,,115
EL4X_89.EL4X_482 wt b5,B5 - 1 - 7,Couple,Contrainte hydrique,5,1,7,gauche,89,45,145,4,,149
EL4X_89.EL4X_482 wt b5,B5 - 1 - 7,Couple,Contrainte hydrique,5,1,7,droite,482,49,109,4,,191
EL4X_235.EL4X_235 wt b5,B5 - 1 - 8,Monoculture,Contrainte hydrique,5,1,8,gauche,235,47,148,5,,91
EL4X_235.EL4X_235 wt b5,B5 - 1 - 8,Monoculture,Contrainte hydrique,5,1,8,droite,235,39,118,4,,101
EL4X_89.EL4X_265 wt b5,B5 - 1 - 9,Couple,Contrainte hydrique,5,1,9,gauche,89,43,161,4,,174
EL4X_89.EL4X_265 wt b5,B5 - 1 - 9,Couple,Contrainte hydrique,5,1,9,droite,265,43,NA,NA,,NA
EL4X_165.EL4X_412 wt b5,B5 - 2 - 1,Couple,Contrainte hydrique,5,2,1,gauche,165,42,154,4,,149
EL4X_165.EL4X_412 wt b5,B5 - 2 - 1,Couple,Contrainte hydrique,5,2,1,droite,412,55,151,4,,106
EL4X_265.EL4X_265 wt b5,B5 - 2 - 2,Monoculture,Contrainte hydrique,5,2,2,gauche,265,38,105,4,,157
EL4X_265.EL4X_265 wt b5,B5 - 2 - 2,Monoculture,Contrainte hydrique,5,2,2,droite,265,47,100,5,,108
EL4X_165.EL4X_130 wt b5,B5 - 2 - 3,Couple,Contrainte hydrique,5,2,3,gauche,165,51,126,4,,166
EL4X_165.EL4X_130 wt b5,B5 - 2 - 3,Couple,Contrainte hydrique,5,2,3,droite,130,40,127,127,,3
EL4X_130.EL4X_74 wt b5,B5 - 2 - 4,Couple,Contrainte hydrique,5,2,4,gauche,130,47,120,4,,162
EL4X_130.EL4X_74 wt b5,B5 - 2 - 4,Couple,Contrainte hydrique,5,2,4,droite,74,45,136,4,,204
EL4X_74.EL4X_74 wt b5,B5 - 2 - 5,Monoculture,Contrainte hydrique,5,2,5,gauche,74,48,79,3,,182
EL4X_74.EL4X_74 wt b5,B5 - 2 - 5,Monoculture,Contrainte hydrique,5,2,5,droite,74,45,124,4,,179
EL4X_131.EL4X_74 wt b5,B5 - 2 - 6,Couple,Contrainte hydrique,5,2,6,gauche,131,62,131,4,,102
EL4X_131.EL4X_74 wt b5,B5 - 2 - 6,Couple,Contrainte hydrique,5,2,6,droite,74,44,135,4,,201
EL4X_265.EL4X_118 wt b5,B5 - 2 - 7,Couple,Contrainte hydrique,5,2,7,gauche,265,48,141,4,,165
EL4X_265.EL4X_118 wt b5,B5 - 2 - 7,Couple,Contrainte hydrique,5,2,7,droite,118,38,125,4,,146
EL4X_89.EL4X_348 wt b5,B5 - 2 - 8,Couple,Contrainte hydrique,5,2,8,gauche,89,40,106,5,,149
EL4X_89.EL4X_348 wt b5,B5 - 2 - 8,Couple,Contrainte hydrique,5,2,8,droite,348,42,122,4,,142
EL4X_412.EL4X_131 wt b5,B5 - 2 - 9,Couple,Contrainte hydrique,5,2,9,gauche,412,53,NA,NA,,NA
EL4X_412.EL4X_131 wt b5,B5 - 2 - 9,Couple,Contrainte hydrique,5,2,9,droite,131,61,131,4,,128
EL4X_130.EL4X_131 wt b5,B5 - 3 - 1,Couple,Contrainte hydrique,5,3,1,gauche,130,43,124,4,,109
EL4X_130.EL4X_131 wt b5,B5 - 3 - 1,Couple,Contrainte hydrique,5,3,1,droite,131,62,176,5,,123
EL4X_482.EL4X_348 wt b5,B5 - 3 - 2,Couple,Contrainte hydrique,5,3,2,gauche,482,52,122,4,,189
EL4X_482.EL4X_348 wt b5,B5 - 3 - 2,Couple,Contrainte hydrique,5,3,2,droite,348,46,142,4,,171
EL4X_482.EL4X_265 wt b5,B5 - 3 - 3,Couple,Contrainte hydrique,5,3,3,gauche,482,50,129,5,,212
EL4X_482.EL4X_265 wt b5,B5 - 3 - 3,Couple,Contrainte hydrique,5,3,3,droite,265,44,160,5,,160
EL4X_395.EL4X_114 wt b5,B5 - 3 - 4,Couple,Contrainte hydrique,5,3,4,gauche,395,52,119,4,,174
EL4X_395.EL4X_114 wt b5,B5 - 3 - 4,Couple,Contrainte hydrique,5,3,4,droite,114,41,88,4,,90
EL4X_329.EL4X_376 wt b5,B5 - 3 - 5,Couple,Contrainte hydrique,5,3,5,gauche,329,52,74,3,,60
EL4X_329.EL4X_376 wt b5,B5 - 3 - 5,Couple,Contrainte hydrique,5,3,5,droite,376,56,91,3,,106
EL4X_130.EL4X_412 wt b5,B5 - 3 - 6,Couple,Contrainte hydrique,5,3,6,gauche,130,40,151,4,,125
EL4X_130.EL4X_412 wt b5,B5 - 3 - 6,Couple,Contrainte hydrique,5,3,6,droite,412,54,145,5,,171
EL4X_376.EL4X_376 wt b5,B5 - 3 - 7,Monoculture,Contrainte hydrique,5,3,7,gauche,376,62,180,4,,156
EL4X_376.EL4X_376 wt b5,B5 - 3 - 7,Monoculture,Contrainte hydrique,5,3,7,droite,376,52,126,3,,116
EL4X_376.EL4X_235 wt b5,B5 - 3 - 8,Couple,Contrainte hydrique,5,3,8,gauche,376,52,130,4,,105
EL4X_376.EL4X_235 wt b5,B5 - 3 - 8,Couple,Contrainte hydrique,5,3,8,droite,235,43,152,4,,160
EL4X_131.EL4X_131 wt b5,B5 - 3 - 9,Monoculture,Contrainte hydrique,5,3,9,gauche,131,57,145,5,,89
EL4X_131.EL4X_131 wt b5,B5 - 3 - 9,Monoculture,Contrainte hydrique,5,3,9,droite,131,54,101,3,,64
EL4X_118.EL4X_118 wt b5,B5 - 4 - 1,Monoculture,Contrainte hydrique,5,4,1,gauche,118,35,115,4,,150
EL4X_118.EL4X_118 wt b5,B5 - 4 - 1,Monoculture,Contrainte hydrique,5,4,1,droite,118,39,140,5,,126
EL4X_165.EL4X_74 wt b5,B5 - 4 - 2,Couple,Contrainte hydrique,5,4,2,gauche,165,47,NA,NA,,NA
EL4X_165.EL4X_74 wt b5,B5 - 4 - 2,Couple,Contrainte hydrique,5,4,2,droite,74,50,117,5,,190
EL4X_114.EL4X_114 wt b5,B5 - 4 - 3,Monoculture,Contrainte hydrique,5,4,3,gauche,14,39,130,4,,99
EL4X_114.EL4X_114 wt b5,B5 - 4 - 3,Monoculture,Contrainte hydrique,5,4,3,droite,114,47,NA,NA,49,NA
EL4X_482.EL4X_482 wt b5,B5 - 4 - 4,Monoculture,Contrainte hydrique,5,4,4,gauche,482,51,126,5,,116
EL4X_482.EL4X_482 wt b5,B5 - 4 - 4,Monoculture,Contrainte hydrique,5,4,4,droite,482,61,175,4,,182
EL4X_329.EL4X_329 wt b5,B5 - 4 - 5,Monoculture,Contrainte hydrique,5,4,5,gauche,329,52,136,5,,195
EL4X_329.EL4X_329 wt b5,B5 - 4 - 5,Monoculture,Contrainte hydrique,5,4,5,droite,329,51,44,3,,51
EL4X_114.EL4X_376 wt b5,B5 - 4 - 6,Couple,Contrainte hydrique,5,4,6,gauche,114,39,165,5,,136
EL4X_114.EL4X_376 wt b5,B5 - 4 - 6,Couple,Contrainte hydrique,5,4,6,droite,376,69,171,5,,150
EL4X_118.EL4X_348 wt b5,B5 - 4 - 7,Couple,Contrainte hydrique,5,4,7,gauche,118,35,95,3,,124
EL4X_118.EL4X_348 wt b5,B5 - 4 - 7,Couple,Contrainte hydrique,5,4,7,droite,348,42,130,4,,160
EL4X_482.EL4X_118 wt b5,B5 - 4 - 8,Couple,Contrainte hydrique,5,4,8,gauche,482,49,150,3,,184
EL4X_482.EL4X_118 wt b5,B5 - 4 - 8,Couple,Contrainte hydrique,5,4,8,droite,118,35,121,4,,144
EL4X_412.EL4X_412 wt b5,B5 - 4 - 9,Monoculture,Contrainte hydrique,5,4,9,gauche,412,46,102,3,,111
EL4X_412.EL4X_412 wt b5,B5 - 4 - 9,Monoculture,Contrainte hydrique,5,4,9,droite,412,43,92,4,,104
EL4X_395.EL4X_235 wt b5,B5 - 5 - 1,Couple,Contrainte hydrique,5,5,1,gauche,395,45,NA,NA,,NA
EL4X_395.EL4X_235 wt b5,B5 - 5 - 1,Couple,Contrainte hydrique,5,5,1,droite,235,42,122,5,,96
EL4X_348.EL4X_348 wt b5,B5 - 5 - 2,Monoculture,Contrainte hydrique,5,5,2,gauche,348,42,88,3,,119
EL4X_348.EL4X_348 wt b5,B5 - 5 - 2,Monoculture,Contrainte hydrique,5,5,2,droite,348,42,138,4,,161
EL4X_412.EL4X_74 wt b5,B5 - 5 - 3,Couple,Contrainte hydrique,5,5,3,gauche,412,47,110,4,,102
EL4X_412.EL4X_74 wt b5,B5 - 5 - 3,Couple,Contrainte hydrique,5,5,3,droite,74,46,134,4,,201
EL4X_329.EL4X_114 wt b5,B5 - 5 - 4,Couple,Contrainte hydrique,5,5,4,gauche,329,54,101,4,,179
EL4X_329.EL4X_114 wt b5,B5 - 5 - 4,Couple,Contrainte hydrique,5,5,4,droite,114,44,106,4,,104
EL4X_395.EL4X_376 wt b5,B5 - 5 - 5,Couple,Contrainte hydrique,5,5,5,gauche,395,54,161,4,,146
EL4X_395.EL4X_376 wt b5,B5 - 5 - 5,Couple,Contrainte hydrique,5,5,5,droite,376,40,75,3,,129
EL4X_89.EL4X_89 wt b5,B5 - 5 - 6,Monoculture,Contrainte hydrique,5,5,6,gauche,89,43,111,4,,121
EL4X_89.EL4X_89 wt b5,B5 - 5 - 6,Monoculture,Contrainte hydrique,5,5,6,droite,89,47,101,4,,169
EL4X_395.EL4X_395 wt b5,B5 - 5 - 7,Monoculture,Contrainte hydrique,5,5,7,gauche,395,50,165,4,,145
EL4X_395.EL4X_395 wt b5,B5 - 5 - 7,Monoculture,Contrainte hydrique,5,5,7,droite,395,49,152,4,,156
EL4X_329.EL4X_235 wt b5,B5 - 5 - 8,Couple,Contrainte hydrique,5,5,8,gauche,329,55,99,4,,141
EL4X_329.EL4X_235 wt b5,B5 - 5 - 8,Couple,Contrainte hydrique,5,5,8,droite,235,47,75,3,,99
EL4X_265.EL4X_348 wt b5,B5 - 5 - 9,Couple,Contrainte hydrique,5,5,9,gauche,265,41,152,4,,156
EL4X_265.EL4X_348 wt b5,B5 - 5 - 9,Couple,Contrainte hydrique,6,5,9,droite,348,42,113,4,,178
EL4X_89.EL4X_265 WT b6,B6 - 1 - 1,Couple,Bien irrigue,6,1,1,gauche,89,43,131,4,,117
EL4X_89.EL4X_265 WT b6,B6 - 1 - 1,Couple,Bien irrigue,6,1,1,droite,265,41,92,4,,176
EL4X_329.EL4X_376 WT b6,B6 - 1 - 2,Couple,Bien irrigue,6,1,2,gauche,329,51,104,5,,194
EL4X_329.EL4X_376 WT b6,B6 - 1 - 2,Couple,Bien irrigue,6,1,2,droite,376,49,211,5,,151
EL4X_89.EL4X_89 WT b6,B6 - 1 - 3,Monoculture,Bien irrigue,6,1,3,gauche,89,46,148,5,,164
EL4X_89.EL4X_89 WT b6,B6 - 1 - 3,Monoculture,Bien irrigue,6,1,3,droite,89,40,159,5,,155
EL4X_265.EL4X_348 WT b6,B6 - 1 - 4,Couple,Bien irrigue,6,1,4,gauche,265,43,155,4,,166
EL4X_265.EL4X_348 WT b6,B6 - 1 - 4,Couple,Bien irrigue,6,1,4,droite,348,47,98,4,,215
EL4X_118.EL4X_118 WT b6,B6 - 1 - 5,Monoculture,Bien irrigue,6,1,5,gauche,118,23,50,4,,136
EL4X_118.EL4X_118 WT b6,B6 - 1 - 5,Monoculture,Bien irrigue,6,1,5,droite,118,45,91,4,,152
EL4X_131.EL4X_131 WT b6,B6 - 1 - 6,Monoculture,Bien irrigue,6,1,6,gauche,131,52,182,5,,156
EL4X_131.EL4X_131 WT b6,B6 - 1 - 6,Monoculture,Bien irrigue,6,1,6,droite,131,58,186,4,,131
EL4X_412.EL4X_131 WT b6,B6 - 1 - 7,Couple,Bien irrigue,6,1,7,gauche,412,47,63,2,,91
EL4X_412.EL4X_131 WT b6,B6 - 1 - 7,Couple,Bien irrigue,6,1,7,droite,131,50,141,4,,101
EL4X_131.EL4X_74 WT b6,B6 - 1 - 8,Couple,Bien irrigue,6,1,8,gauche,131,44,159,4,,111
EL4X_131.EL4X_74 WT b6,B6 - 1 - 8,Couple,Bien irrigue,6,1,8,droite,74,48,130,4,,214
EL4X_114.EL4X_114 WT b6,B6 - 1 - 9,Monoculture,Bien irrigue,6,1,9,gauche,114,45,71,4,,131
EL4X_114.EL4X_114 WT b6,B6 - 1 - 9,Monoculture,Bien irrigue,6,1,9,droite,114,41,NA,NA,164,NA
EL4X_265.EL4X_118 WT b6,B6 - 2 - 1,Couple,Bien irrigue,6,2,1,gauche,265,39,151,4,,144
EL4X_265.EL4X_118 WT b6,B6 - 2 - 1,Couple,Bien irrigue,6,2,1,droite,118,31,114,4,,194
EL4X_118.EL4X_348 WT b6,B6 - 2 - 2,Couple,Bien irrigue,6,2,2,gauche,118,41,130,4,,153
EL4X_118.EL4X_348 WT b6,B6 - 2 - 2,Couple,Bien irrigue,6,2,2,droite,348,43,134,4,,200
EL4X_482.EL4X_118 WT b6,B6 - 2 - 3,Couple,Bien irrigue,6,2,3,gauche,482,53,151,5,,256
EL4X_482.EL4X_118 WT b6,B6 - 2 - 3,Couple,Bien irrigue,6,2,3,droite,118,30,85,4,,108
EL4X_114.EL4X_235 WT b6,B6 - 2 - 4,Couple,Bien irrigue,6,2,4,gauche,114,41,112,4,,148
EL4X_114.EL4X_235 WT b6,B6 - 2 - 4,Couple,Bien irrigue,6,2,4,droite,235,43,152,5,,126
EL4X_376.EL4X_376 WT b6,B6 - 2 - 5,Monoculture,Bien irrigue,6,2,5,gauche,376,51,179,4,,140
EL4X_376.EL4X_376 WT b6,B6 - 2 - 5,Monoculture,Bien irrigue,6,2,5,droite,376,54,174,5,,200
EL4X_395.EL4X_114 WT b6,B6 - 2 - 6,Couple,Bien irrigue,6,2,6,gauche,395,54,NA,NA,,86
EL4X_395.EL4X_114 WT b6,B6 - 2 - 6,Couple,Bien irrigue,6,2,6,droite,114,43,123,4,,132
EL4X_165.EL4X_412 WT b6,B6 - 2 - 7,Couple,Bien irrigue,6,2,7,gauche,165,44,61,3,,108
EL4X_165.EL4X_412 WT b6,B6 - 2 - 7,Couple,Bien irrigue,6,2,7,droite,412,48,90,5,,131
EL4X_130.EL4X_412 WT b6,B6 - 2 - 8,Couple,Bien irrigue,6,2,8,gauche,130,48,142,4,,168
EL4X_130.EL4X_412 WT b6,B6 - 2 - 8,Couple,Bien irrigue,6,2,8,droite,412,43,113,5,,126
EL4X_348.EL4X_348 WT b6,B6 - 2 - 9,Monoculture,Bien irrigue,6,2,9,gauche,348,44,78,3,,111
EL4X_348.EL4X_348 WT b6,B6 - 2 - 9,Monoculture,Bien irrigue,6,2,9,droite,348,42,131,4,,170
EL4X_235.EL4X_235 WT b6,B6 - 3 - 1,Monoculture,Bien irrigue,6,3,1,gauche,235,43,102,4,,94
EL4X_235.EL4X_235 WT b6,B6 - 3 - 1,Monoculture,Bien irrigue,6,3,1,droite,235,43,92,4,,81
EL4X_165.EL4X_130 WT b6,B6 - 3 - 2,Couple,Bien irrigue,6,3,2,gauche,165,52,52,3,,131
EL4X_165.EL4X_130 WT b6,B6 - 3 - 2,Couple,Bien irrigue,6,3,2,droite,130,52,119,4,,171
EL4X_482.EL4X_482 WT b6,B6 - 3 - 3,Monoculture,Bien irrigue,6,3,3,gauche,482,47,185,4,,239
EL4X_482.EL4X_482 WT b6,B6 - 3 - 3,Monoculture,Bien irrigue,6,3,3,droite,482,50,149,5,,195
EL4X_412.EL4X_74 WT b6,B6 - 3 - 4,Couple,Bien irrigue,6,3,4,gauche,412,49,121,4,,110
EL4X_412.EL4X_74 WT b6,B6 - 3 - 4,Couple,Bien irrigue,6,3,4,droite,74,43,145,4,,183
EL4X_395.EL4X_235 WT b6,B6 - 3 - 5,Couple,Bien irrigue,6,3,5,gauche,395,47,NA,NA,124,NA
EL4X_395.EL4X_235 WT b6,B6 - 3 - 5,Couple,Bien irrigue,6,3,5,droite,235,39,130,5,,144
EL4X_165.EL4X_131 WT b6,B6 - 3 - 6,Couple,Bien irrigue,6,3,6,gauche,165,50,160,5,,182
EL4X_165.EL4X_131 WT b6,B6 - 3 - 6,Couple,Bien irrigue,6,3,6,droite,131,45,133,4,,128
EL4X_329.EL4X_395 WT b6,B6 - 3 - 7,Couple,Bien irrigue,6,3,7,gauche,329,58,79,4,,182
EL4X_329.EL4X_395 WT b6,B6 - 3 - 7,Couple,Bien irrigue,6,3,7,droite,395,55,NA,NA,119,NA
EL4X_329.EL4X_114 WT b6,B6 - 3 - 8,Couple,Bien irrigue,6,3,8,gauche,329,43,124,5,,216
EL4X_329.EL4X_114 WT b6,B6 - 3 - 8,Couple,Bien irrigue,6,3,8,droite,114,45,126,5,,106
EL4X_130.EL4X_130 WT b6,B6 - 3 - 9,Monoculture,Bien irrigue,6,3,9,gauche,130,64,120,4,,179
EL4X_130.EL4X_130 WT b6,B6 - 3 - 9,Monoculture,Bien irrigue,6,3,9,droite,130,40,112,4,,148
EL4X_130.EL4X_131 WT b6,B6 - 4 - 1,Couple,Bien irrigue,6,4,1,gauche,130,53,125,4,,3
EL4X_130.EL4X_131 WT b6,B6 - 4 - 1,Couple,Bien irrigue,6,4,1,droite,131,52,117,4,,106
EL4X_89.EL4X_118 WT b6,B6 - 4 - 2,Couple,Bien irrigue,6,4,2,gauche,89,48,NA,NA,,NA
EL4X_89.EL4X_118 WT b6,B6 - 4 - 2,Couple,Bien irrigue,6,4,2,droite,118,40,122,5,,146
EL4X_412.EL4X_412 WT b6,B6 - 4 - 3,Monoculture,Bien irrigue,6,4,3,gauche,412,59,146,5,,131
EL4X_412.EL4X_412 WT b6,B6 - 4 - 3,Monoculture,Bien irrigue,6,4,3,droite,412,51,99,4,,128
EL4X_89.EL4X_348 WT b6,B6 - 4 - 4,Couple,Bien irrigue,6,4,4,gauche,89,41,174,5,,153
EL4X_89.EL4X_348 WT b6,B6 - 4 - 4,Couple,Bien irrigue,6,4,4,droite,348,44,NA,NA,,NA
EL4X_89.EL4X_482 WT b6,B6 - 4 - 5,Couple,Bien irrigue,6,4,5,gauche,89,46,105,4,,161
EL4X_89.EL4X_482 WT b6,B6 - 4 - 5,Couple,Bien irrigue,6,4,5,droite,482,37,52,4,,198
EL4X_395.EL4X_376 WT b6,B6 - 4 - 6,Couple,Bien irrigue,6,4,6,gauche,395,47,NA,NA,114,NA
EL4X_395.EL4X_376 WT b6,B6 - 4 - 6,Couple,Bien irrigue,6,4,6,droite,376,56,221,5,,181
EL4X_165.EL4X_165 WT b6,B6 - 4 - 7,Monoculture,Bien irrigue,6,4,7,gauche,165,49,174,4,,126
EL4X_165.EL4X_165 WT b6,B6 - 4 - 7,Monoculture,Bien irrigue,6,4,7,droite,165,41,208,4,,127
EL4X_114.EL4X_376 WT b6,B6 - 4 - 8,Couple,Bien irrigue,6,4,8,gauche,114,43,NA,NA,47,NA
EL4X_114.EL4X_376 WT b6,B6 - 4 - 8,Couple,Bien irrigue,6,4,8,droite,376,59,145,3,,101
EL4X_395.EL4X_395 WT b6,B6 - 4 - 9,Monoculture,Bien irrigue,6,4,9,gauche,395,47,114,3,,142
EL4X_395.EL4X_395 WT b6,B6 - 4 - 9,Monoculture,Bien irrigue,6,4,9,droite,395,51,NA,NA,90,NA
EL4X_376.EL4X_235 WT b6,B6 - 5 - 1,Couple,Bien irrigue,6,5,1,gauche,376,55,156,4,,161
EL4X_376.EL4X_235 WT b6,B6 - 5 - 1,Couple,Bien irrigue,6,5,1,droite,235,48,71,3,,77
EL4X_329.EL4X_329 WT b6,B6 - 5 - 2,Monoculture,Bien irrigue,6,5,2,gauche,329,56,81,4,,174
EL4X_329.EL4X_329 WT b6,B6 - 5 - 2,Monoculture,Bien irrigue,6,5,2,droite,329,33,81,4,,156
EL4X_329.EL4X_235 WT b6,B6 - 5 - 3,Couple,Bien irrigue,6,5,3,gauche,329,48,146,4,,136
EL4X_329.EL4X_235 WT b6,B6 - 5 - 3,Couple,Bien irrigue,6,5,3,droite,235,33,116,3,,175
EL4X_165.EL4X_74 WT b6,B6 - 5 - 4,Couple,Bien irrigue,6,5,4,gauche,165,52,95,4,,172
EL4X_165.EL4X_74 WT b6,B6 - 5 - 4,Couple,Bien irrigue,6,5,4,droite,74,45,50,2,,78
EL4X_482.EL4X_265 WT b6,B6 - 5 - 5,Couple,Bien irrigue,6,5,5,gauche,482,48,156,5,,195
EL4X_482.EL4X_265 WT b6,B6 - 5 - 5,Couple,Bien irrigue,6,5,5,droite,265,44,125,4,,185
EL4X_482.EL4X_348 WT b6,B6 - 5 - 6,Couple,Bien irrigue,6,5,6,gauche,482,31,93,3,,31
EL4X_482.EL4X_348 WT b6,B6 - 5 - 6,Couple,Bien irrigue,6,5,6,droite,348,44,146,4,,194
EL4X_74.EL4X_74 WT b6,B6 - 5 - 7,Monoculture,Bien irrigue,6,5,7,gauche,74,45,NA,NA,,NA
EL4X_74.EL4X_74 WT b6,B6 - 5 - 7,Monoculture,Bien irrigue,6,5,7,droite,74,30,144,4,,21
EL4X_265.EL4X_265 WT b6,B6 - 5 - 8,Monoculture,Bien irrigue,6,5,8,gauche,265,52,155,4,,146
EL4X_265.EL4X_265 WT b6,B6 - 5 - 8,Monoculture,Bien irrigue,6,5,8,droite,265,37,149,4,,149
EL4X_130.EL4X_74 WT b6,B6 - 5 - 9,Couple,Bien irrigue,6,5,9,gauche,130,30,139,4,,128
EL4X_130.EL4X_74 WT b6,B6 - 5 - 9,Couple,Bien irrigue,6,5,9,droite,74,42,115,4,,185