Couple,Position,Position_pots,Monoculture_Couple,Condition_hydrique,Bloc,Colonne,Ligne,plante_genotype,poids_graine,Longueur_feuille_2,Largeur_feuille_2,Nombre_de_feuille_ligulée,thallée,Surface_feuille_2,Biomasse_sèche,vitesse_coleoptile_feuille_1,vitesse_coleoptile_feuille_2,vitesse_longueur_f1,vitesse_largeur_f1
EL4X_265.EL4X_265 wt b1,B1 - 1 - 1,gauche,Monoculture,Contrainte hydrique,1,1,1,265,40,209,4,3,0,,,"28,5","38,5",0,"0,5"
EL4X_265.EL4X_265 wt b1,B1 - 1 - 1,droite,Monoculture,Contrainte hydrique,1,1,1,265,48,224,3,3,0,,,26,NA,-2,0
EL4X_118.EL4X_348 wt b1,B1 - 1 - 2,gauche,Couple,Contrainte hydrique,1,1,2,118,26,207,4,2,0,,,"29,25",68,60,2
EL4X_118.EL4X_348 wt b1,B1 - 1 - 2,droite,Couple,Contrainte hydrique,1,1,2,348,46,212,4,3,0,,,30,31,1,0
EL4X_412.EL4X_412 wt b1,B1 - 1 - 3,gauche,Couple,Contrainte hydrique,1,1,3,412,47,206,5,2,0,,,27,"33,5",2,"0,5"
EL4X_412.EL4X_412 wt b1,B1 - 1 - 3,droite,Couple,Contrainte hydrique,1,1,3,412,45,185,4,3,0,,,44,62,55,"2,5"
EL4X_265.EL4X_118 wt b1,B1 - 1 - 4,gauche,Couple,Contrainte hydrique,1,1,4,265,47,209,3,2,0,,,21,27,"0,5",0
EL4X_265.EL4X_118 wt b1,B1 - 1 - 4,droite,Couple,Contrainte hydrique,1,1,4,118,42,200,5,3,0,,,"31,5",31,"0,5","0,5"
EL4X_329.EL4X_329 wt b1,B1 - 1 - 5,gauche,Monoculture,Contrainte hydrique,1,1,5,329,45,166,4,3,0,,,28,31,"2,5",0
EL4X_329.EL4X_329 wt b1,B1 - 1 - 5,droite,Monoculture,Contrainte hydrique,1,1,5,329,55,190,4,3,0,,,16,"40,5",0,0
EL4X_329.EL4X_395 wt b1,B1 - 1 - 6,gauche,Couple,Contrainte hydrique,1,1,6,329,51,201,4,3,0,,,"25,5",42,1,"0,5"
EL4X_329.EL4X_395 wt b1,B1 - 1 - 6,droite,Couple,Contrainte hydrique,1,1,6,395,50,219,4,3,0,,,"27,25","73,5","49,5",2
EL4X_265.EL4X_348 wt b1,B1 - 1 - 7,gauche,Couple,Contrainte hydrique,1,1,7,265,45,154,4,3,0,,,18,29,1,"0,5"
EL4X_265.EL4X_348 wt b1,B1 - 1 - 7,droite,Couple,Contrainte hydrique,1,1,7,348,51,157,4,3,0,,,20,"30,5",1,"0,5"
EL4X_395.EL4X_395 wt b1,B1 - 1 - 8,gauche,Monoculture,Contrainte hydrique,1,1,8,395,56,222,4,3,0,,,"30,25",72,55,2
EL4X_395.EL4X_395 wt b1,B1 - 1 - 8,droite,Monoculture,Contrainte hydrique,1,1,8,395,50,216,5,3,0,,,"34,25",70,"61,5",2
EL4X_165.EL4X_131 wt b1,B1 - 1 - 9,gauche,Couple,Contrainte hydrique,1,1,9,165,56,157,3,2,0,,,18,"33,5",41,"1,5"
EL4X_165.EL4X_131 wt b1,B1 - 1 - 9,droite,Couple,Contrainte hydrique,1,1,9,131,45,211,5,3,0,,,"37,5",57,"80,5",2
EL4X_89.EL4X_348 wt b1,B1 - 2 - 1,gauche,Couple,Contrainte hydrique,1,2,1,89,48,210,6,3,1,,,NA,"37,5",1,0
EL4X_89.EL4X_348 wt b1,B1 - 2 - 1,droite,Couple,Contrainte hydrique,1,2,1,348,54,201,5,3,0,,,"27,5",36,-6,0
EL4X_482.EL4X_265 wt b1,B1 - 2 - 2,gauche,Couple,Contrainte hydrique,1,2,2,482,51,232,5,3,0,,,"33,5",35,"-0,5",0
EL4X_482.EL4X_265 wt b1,B1 - 2 - 2,droite,Couple,Contrainte hydrique,1,2,2,265,38,219,3,3,0,,,"26,5",35,"2,5",0
EL4X_114.EL4X_376 wt b1,B1 - 2 - 3,gauche,Couple,Contrainte hydrique,1,2,3,114,44,258,5,3,0,,,"42,5","41,5",-1,0
EL4X_114.EL4X_376 wt b1,B1 - 2 - 3,droite,Couple,Contrainte hydrique,1,2,3,376,51,151,5,2,0,,,42,35,"57,5","2,5"
EL4X_89.EL4X_265 wt b1,B1 - 2 - 4,gauche,Couple,Contrainte hydrique,1,2,4,89,46,254,6,2,1,,,"32,25",65,61,"2,5"
EL4X_89.EL4X_265 wt b1,B1 - 2 - 4,droite,Couple,Contrainte hydrique,1,2,4,265,46,223,3,2,0,,,"33,75","78,5",72,2
EL4X_114.EL4X_114 wt b1,B1 - 2 - 5,gauche,Monoculture,Contrainte hydrique,1,2,5,114,47,181,4,3,0,,,"22,75",56,61,2
EL4X_114.EL4X_114 wt b1,B1 - 2 - 5,droite,Monoculture,Contrainte hydrique,1,2,5,114,47,219,4,2,0,,,"33,5","65,5",60,2
EL4X_89.EL4X_118 wt b1,B1 - 2 - 6,gauche,Couple,Contrainte hydrique,1,2,6,89,43,230,5,3,0,,,"34,25",75,"67,5",2
EL4X_89.EL4X_118 wt b1,B1 - 2 - 6,droite,Couple,Contrainte hydrique,1,2,6,118,29,151,2,3,0,,,"22,25","59,5",42,"1,5"
EL4X_482.EL4X_348 wt b1,B1 - 2 - 7,gauche,Couple,Contrainte hydrique,1,2,7,482,53,88,4,3,0,,,"13,5",27,1,"0,5"
EL4X_482.EL4X_348 wt b1,B1 - 2 - 7,droite,Couple,Contrainte hydrique,1,2,7,348,49,199,5,3,0,,,"26,5",35,"1,5","0,5"
EL4X_412.EL4X_131 wt b1,B1 - 2 - 8,gauche,Couple,Contrainte hydrique,1,2,8,412,55,185,4,3,0,,,23,"33,5","0,5",0
EL4X_412.EL4X_131 wt b1,B1 - 2 - 8,droite,Couple,Contrainte hydrique,1,2,8,131,49,184,5,2,0,,,"26,25","52,5","56,5",2
EL4X_130.EL4X_74 wt b1,B1 - 2 - 9,gauche,Couple,Contrainte hydrique,1,2,9,130,66,203,5,3,0,,,"35,5","32,5",-1,0
EL4X_130.EL4X_74 wt b1,B1 - 2 - 9,droite,Couple,Contrainte hydrique,1,2,9,74,33,211,4,3,0,,,"26,5",35,0,0
EL4X_395.EL4X_235 wt b1,B1 - 3 - 1,gauche,Couple,Contrainte hydrique,1,3,1,395,56,218,5,3,0,,,"45,75","65,5","87,5",2
EL4X_395.EL4X_235 wt b1,B1 - 3 - 1,droite,Couple,Contrainte hydrique,1,3,1,235,NA,200,5,3,0,,,"29,25","61,5","59,5","2,5"
EL4X_482.EL4X_482 wt b1,B1 - 3 - 2,gauche,Monoculture,Contrainte hydrique,1,3,2,482,63,198,5,3,0,,,NA,9,1,"0,5"
EL4X_482.EL4X_482 wt b1,B1 - 3 - 2,droite,Monoculture,Contrainte hydrique,1,3,2,482,53,184,5,3,0,,,NA,"37,5",-1,0
EL4X_235.EL4X_235 wt b1,B1 - 3 - 3,gauche,Monoculture,Contrainte hydrique,1,3,3,235,43,214,5,2,0,,,"32,5",61,"67,5","2,5"
EL4X_235.EL4X_235 wt b1,B1 - 3 - 3,droite,Monoculture,Contrainte hydrique,1,3,3,235,46,187,5,2,0,,,"42,5",55,"61,5","2,5"
EL4X_165.EL4X_165 wt b1,B1 - 3 - 4,gauche,Monoculture,Contrainte hydrique,1,3,4,165,48,214,5,3,0,,,"33,5","31,5","-0,5",0
EL4X_165.EL4X_165 wt b1,B1 - 3 - 4,droite,Monoculture,Contrainte hydrique,1,3,4,165,46,202,4,3,0,,,"30,5","42,5","-1,5","0,5"
EL4X_329.EL4X_114 wt b1,B1 - 3 - 5,gauche,Couple,Contrainte hydrique,1,3,5,329,47,211,4,2,0,,,"23,25",57,55,2
EL4X_329.EL4X_114 wt b1,B1 - 3 - 5,droite,Couple,Contrainte hydrique,1,3,5,114,40,196,4,3,0,,,"27,5",25,"14,5","0,5"
EL4X_395.EL4X_376 wt b1,B1 - 3 - 6,gauche,Couple,Contrainte hydrique,1,3,6,395,50,236,3,2,0,,,24,70,40,2
EL4X_395.EL4X_376 wt b1,B1 - 3 - 6,droite,Couple,Contrainte hydrique,1,3,6,376,48,192,5,3,0,,,"23,5",34,0,"0,5"
EL4X_165.EL4X_74 wt b1,B1 - 3 - 7,gauche,Couple,Contrainte hydrique,1,3,7,165,49,150,2,2,0,,,"22,5",NA,"2,5",0
EL4X_165.EL4X_74 wt b1,B1 - 3 - 7,droite,Couple,Contrainte hydrique,1,3,7,74,40,221,3,3,0,,,26,NA,"1,5",0
EL4X_482.EL4X_118 wt b1,B1 - 3 - 8,gauche,Couple,Contrainte hydrique,1,3,8,482,48,250,4,3,0,,,27,29,"0,5",0
EL4X_482.EL4X_118 wt b1,B1 - 3 - 8,droite,Couple,Contrainte hydrique,1,3,8,118,46,192,4,3,0,,,"20,5","31,5",-2,0
EL4X_376.EL4X_235 wt b1,B1 - 3 - 9,gauche,Couple,Contrainte hydrique,1,3,9,376,34,215,5,3,0,,,44,"61,5",92,"2,5"
EL4X_376.EL4X_235 wt b1,B1 - 3 - 9,droite,Couple,Contrainte hydrique,1,3,9,235,48,207,5,2,1,,,"28,25",82,"62,5",2
EL4X_89.EL4X_89 wt b1,B1 - 4 - 1,gauche,Monoculture,Contrainte hydrique,1,4,1,89,44,177,3,2,0,,,"22,75",4,"-21,5",0
EL4X_89.EL4X_89 wt b1,B1 - 4 - 1,droite,Monoculture,Contrainte hydrique,1,4,1,89,47,255,5,2,0,,,"26,5","88,5","66,5",2
EL4X_74.EL4X_74 wt b1,B1 - 4 - 2,gauche,Monoculture,Contrainte hydrique,1,4,2,74,46,201,4,3,0,,,28,37,0,0
EL4X_74.EL4X_74 wt b1,B1 - 4 - 2,droite,Monoculture,Contrainte hydrique,1,4,2,74,50,235,4,3,0,,,27,"36,5","-0,5",0
EL4X_114.EL4X_235 wt b1,B1 - 4 - 3,gauche,Couple,Contrainte hydrique,1,4,3,114,41,218,5,3,0,,,"35,5",80,75,"2,5"
EL4X_114.EL4X_235 wt b1,B1 - 4 - 3,droite,Couple,Contrainte hydrique,1,4,3,235,45,NA,NA,NA,0,,,NA,NA,NA,NA
EL4X_89.EL4X_482 wt b1,B1 - 4 - 4,gauche,Couple,Contrainte hydrique,1,4,4,89,45,217,5,3,0,,,"39,75","62,5",83,"2,5"
EL4X_89.EL4X_482 wt b1,B1 - 4 - 4,droite,Couple,Contrainte hydrique,1,4,4,482,53,228,4,3,0,,,"20,5",48,1,0
EL4X_329.EL4X_376 wt b1,B1 - 4 - 5,gauche,Couple,Contrainte hydrique,1,4,5,329,51,229,4,3,0,,,"34,5","32,5",1,"-0,5"
EL4X_329.EL4X_376 wt b1,B1 - 4 - 5,droite,Couple,Contrainte hydrique,1,4,5,376,50,203,5,3,0,,,26,64,"0,5",0
EL4X_130.EL4X_130 wt b1,B1 - 4 - 6,gauche,Monoculture,Contrainte hydrique,1,4,6,130,47,200,4,3,0,,,"30,5","29,5",0,0
EL4X_130.EL4X_130 wt b1,B1 - 4 - 6,droite,Monoculture,Contrainte hydrique,1,4,6,130,48,150,4,3,0,,,"36,5","67,5",69,2
EL4X_165.EL4X_130 wt b1,B1 - 4 - 7,gauche,Couple,Contrainte hydrique,1,4,7,165,42,206,5,3,0,,,"35,5",31,"16,5","0,5"
EL4X_165.EL4X_130 wt b1,B1 - 4 - 7,droite,Couple,Contrainte hydrique,1,4,7,130,38,220,5,3,0,,,41,87,"80,5",2
EL4X_412.EL4X_74 wt b1,B1 - 4 - 8,gauche,Couple,Contrainte hydrique,1,4,8,412,54,192,5,3,0,,,"34,25","73,5","67,5","2,5"
EL4X_412.EL4X_74 wt b1,B1 - 4 - 8,droite,Couple,Contrainte hydrique,1,4,8,74,42,220,5,3,0,,,"26,5","31,5","0,5","0,5"
EL4X_329.EL4X_235 wt b1,B1 - 4 - 9,gauche,Couple,Contrainte hydrique,1,4,9,329,47,184,4,3,0,,,"35,5","82,5",44,2
EL4X_329.EL4X_235 wt b1,B1 - 4 - 9,droite,Couple,Contrainte hydrique,1,4,9,235,39,219,5,2,0,,,24,"25,5","25,5",0
EL4X_395.EL4X_114 wt b1,B1 - 5 - 1,gauche,Couple,Contrainte hydrique,1,5,1,395,52,202,4,2,0,,,48,53,59,2
EL4X_395.EL4X_114 wt b1,B1 - 5 - 1,droite,Couple,Contrainte hydrique,1,5,1,114,47,188,4,3,0,,,"42,5",55,"57,5","2,5"
EL4X_130.EL4X_131 wt b1,B1 - 5 - 2,gauche,Couple,Contrainte hydrique,1,5,2,130,22,191,4,2,0,,,"32,25","46,5","81,5","1,5"
EL4X_130.EL4X_131 wt b1,B1 - 5 - 2,droite,Couple,Contrainte hydrique,1,5,2,131,54,212,5,3,0,,,45,65,95,2
EL4X_376.EL4X_376 wt b1,B1 - 5 - 3,gauche,Monoculture,Contrainte hydrique,1,5,3,376,62,241,5,3,0,,,"31,5",43,"0,5",0
EL4X_376.EL4X_376 wt b1,B1 - 5 - 3,droite,Monoculture,Contrainte hydrique,1,5,3,376,42,200,5,3,0,,,"26,5","35,5","0,5",0
EL4X_165.EL4X_412 wt b1,B1 - 5 - 4,gauche,Couple,Contrainte hydrique,1,5,4,165,42,192,5,2,0,,,"35,5","67,5","66,5","2,5"
EL4X_165.EL4X_412 wt b1,B1 - 5 - 4,droite,Couple,Contrainte hydrique,1,5,4,412,55,233,4,3,0,,,40,"90,5",87,"2,5"
EL4X_118.EL4X_118 wt b1,B1 - 5 - 5,gauche,Monoculture,Contrainte hydrique,1,5,5,118,43,199,4,2,0,,,35,75,72,2
EL4X_118.EL4X_118 wt b1,B1 - 5 - 5,droite,Monoculture,Contrainte hydrique,1,5,5,118,36,171,4,3,0,,,"39,5","65,5",55,2
EL4X_131.EL4X_131 wt b1,B1 - 5 - 6,gauche,Monoculture,Contrainte hydrique,1,5,6,131,56,192,5,3,0,,,"39,5",70,87,"2,5"
EL4X_131.EL4X_131 wt b1,B1 - 5 - 6,droite,Monoculture,Contrainte hydrique,1,5,6,131,62,222,5,3,0,,,41,80,90,"2,5"
EL4X_130.EL4X_412 wt b1,B1 - 5 - 7,gauche,Couple,Contrainte hydrique,1,5,7,130,28,211,4,2,0,,,"33,5",31,0,"0,5"
EL4X_130.EL4X_412 wt b1,B1 - 5 - 7,droite,Couple,Contrainte hydrique,1,5,7,412,48,181,5,3,0,,,"27,5",34,"-2,5",0
EL4X_348.EL4X_348 wt b1,B1 - 5 - 8,gauche,Monoculture,Contrainte hydrique,1,5,8,348,31,221,4,3,0,,,"29,5",34,1,0
EL4X_348.EL4X_348 wt b1,B1 - 5 - 8,droite,Monoculture,Contrainte hydrique,1,5,8,348,41,229,4,3,0,,,31,"36,5","1,5",0
EL4X_131.EL4X_74 wt b1,B1 - 5 - 9,gauche,Couple,Contrainte hydrique,1,5,9,131,69,225,5,3,0,,,"43,75",75,"97,5",3
EL4X_131.EL4X_74 wt b1,B1 - 5 - 9,droite,Couple,Contrainte hydrique,1,5,9,74,45,226,3,3,0,,,"26,5",34,"0,5",0
EL4X_376.EL4X_235 WT b2,B2 - 1 - 1,gauche,Couple,Bien irrigue,2,1,1,376,67,215,4,3,0,,,"30,5","39,5","2,5","0,5"
EL4X_376.EL4X_235 WT b2,B2 - 1 - 1,droite,Couple,Bien irrigue,2,1,1,235,47,210,5,3,1,,,"31,75","58,5","63,5",2
EL4X_114.EL4X_376 WT b2,B2 - 1 - 2,gauche,Couple,Bien irrigue,2,1,2,114,41,217,4,4,0,,,34,"62,5",68,2
EL4X_114.EL4X_376 WT b2,B2 - 1 - 2,droite,Couple,Bien irrigue,2,1,2,376,49,235,4,3,0,,,"47,75","77,5","103,5","2,5"
EL4X_395.EL4X_114 WT b2,B2 - 1 - 3,gauche,Couple,Bien irrigue,2,1,3,395,52,181,4,3,0,,,"30,5","52,5","62,5",2
EL4X_395.EL4X_114 WT b2,B2 - 1 - 3,droite,Couple,Bien irrigue,2,1,3,114,47,200,3,2,0,,,"16,5",50,"33,5","1,5"
EL4X_165.EL4X_412 WT b2,B2 - 1 - 4,gauche,Couple,Bien irrigue,2,1,4,165,51,239,5,2,0,,,32,"47,5",0,0
EL4X_165.EL4X_412 WT b2,B2 - 1 - 4,droite,Couple,Bien irrigue,2,1,4,412,54,194,4,2,0,,,"45,5",55,57,"2,5"
EL4X_329.EL4X_395 WT b2,B2 - 1 - 5,gauche,Couple,Bien irrigue,2,1,5,329,50,NA,NA,NA,0,,,NA,NA,NA,NA
EL4X_329.EL4X_395 WT b2,B2 - 1 - 5,droite,Couple,Bien irrigue,2,1,5,395,52,161,4,3,0,,,NA,"26,5",1,0
EL4X_482.EL4X_348 WT b2,B2 - 1 - 6,gauche,Couple,Bien irrigue,2,1,6,482,49,121,4,3,0,,,NA,29,-2,"-0,5"
EL4X_482.EL4X_348 WT b2,B2 - 1 - 6,droite,Couple,Bien irrigue,2,1,6,348,50,221,4,3,0,,,"35,5","37,5","0,5",0
EL4X_114.EL4X_114 WT b2,B2 - 1 - 7,gauche,Monoculture,Bien irrigue,2,1,7,114,40,205,5,3,0,,,"34,5",65,70,2
EL4X_114.EL4X_114 WT b2,B2 - 1 - 7,droite,Monoculture,Bien irrigue,2,1,7,114,47,204,5,3,0,,,"32,75","62,5","68,5","2,5"
EL4X_348.EL4X_348 WT b2,B2 - 1 - 8,gauche,Monoculture,Bien irrigue,2,1,8,348,48,202,4,3,0,,,17,NA,0,0
EL4X_348.EL4X_348 WT b2,B2 - 1 - 8,droite,Monoculture,Bien irrigue,2,1,8,348,44,186,2,3,0,,,31,NA,-1,0
EL4X_482.EL4X_265 WT b2,B2 - 1 - 9,gauche,Couple,Bien irrigue,2,1,9,482,53,NA,NA,NA,0,,,NA,NA,NA,NA
EL4X_482.EL4X_265 WT b2,B2 - 1 - 9,droite,Couple,Bien irrigue,2,1,9,265,40,183,4,3,0,,,"16,5","36,5","-2,5",0
EL4X_89.EL4X_118 WT b2,B2 - 2 - 1,gauche,Couple,Bien irrigue,2,2,1,89,43,221,5,3,1,,,"35,25","63,5",75,"2,5"
EL4X_89.EL4X_118 WT b2,B2 - 2 - 1,droite,Couple,Bien irrigue,2,2,1,118,40,197,4,3,0,,,21,32,-1,"0,5"
EL4X_395.EL4X_395 WT b2,B2 - 2 - 2,gauche,Monoculture,Bien irrigue,2,2,2,395,52,255,3,2,0,,,"25,75","55,5","53,5",2
EL4X_395.EL4X_395 WT b2,B2 - 2 - 2,droite,Monoculture,Bien irrigue,2,2,2,395,51,231,5,3,0,,,"45,5","65,5","91,5","2,5"
EL4X_235.EL4X_235 WT b2,B2 - 2 - 3,gauche,Monoculture,Bien irrigue,2,2,3,235,40,214,4,2,0,,,52,53,71,"2,5"
EL4X_235.EL4X_235 WT b2,B2 - 2 - 3,droite,Monoculture,Bien irrigue,2,2,3,235,38,230,4,2,0,,,"32,75","55,5",77,2
EL4X_395.EL4X_376 WT b2,B2 - 2 - 4,gauche,Couple,Bien irrigue,2,2,4,395,45,251,4,2,0,,,"28,5","61,5",55,2
EL4X_395.EL4X_376 WT b2,B2 - 2 - 4,droite,Couple,Bien irrigue,2,2,4,376,50,233,4,3,0,,,NA,"33,5","1,5",0
EL4X_329.EL4X_376 WT b2,B2 - 2 - 5,gauche,Couple,Bien irrigue,2,2,5,329,50,199,3,3,0,,,26,"38,5","-1,5","0,5"
EL4X_329.EL4X_376 WT b2,B2 - 2 - 5,droite,Couple,Bien irrigue,2,2,5,376,65,228,5,3,0,,,"44,5","81,5","93,5","2,5"
EL4X_130.EL4X_131 WT b2,B2 - 2 - 6,gauche,Couple,Bien irrigue,2,2,6,130,41,229,3,3,0,,,29,"41,5",2,0
EL4X_130.EL4X_131 WT b2,B2 - 2 - 6,droite,Couple,Bien irrigue,2,2,6,131,55,191,5,2,0,,,35,57,70,2
EL4X_265.EL4X_348 WT b2,B2 - 2 - 7,gauche,Couple,Bien irrigue,2,2,7,265,48,224,4,3,0,,,28,36,0,0
EL4X_265.EL4X_348 WT b2,B2 - 2 - 7,droite,Couple,Bien irrigue,2,2,7,348,49,225,3,3,0,,,"30,5",39,"-0,5",0
EL4X_165.EL4X_130 WT b2,B2 - 2 - 8,gauche,Couple,Bien irrigue,2,2,8,165,47,195,4,2,0,,,"41,25","62,5","65,5",2
EL4X_165.EL4X_130 WT b2,B2 - 2 - 8,droite,Couple,Bien irrigue,2,2,8,130,50,210,5,3,0,,,"34,75",82,62,2
EL4X_118.EL4X_118 WT b2,B2 - 2 - 9,gauche,Monoculture,Bien irrigue,2,2,9,118,34,231,5,3,0,,,"26,5",55,16,0
EL4X_118.EL4X_118 WT b2,B2 - 2 - 9,droite,Monoculture,Bien irrigue,2,2,9,118,50,171,4,3,0,,,26,"34,5",3,"-0,5"
EL4X_118.EL4X_348 WT b2,B2 - 3 - 1,gauche,Couple,Bien irrigue,2,3,1,118,30,188,4,2,0,,,"21,5","26,5",0,"0,5"
EL4X_118.EL4X_348 WT b2,B2 - 3 - 1,droite,Couple,Bien irrigue,2,3,1,348,42,228,4,3,0,,,"29,5",41,"-0,5",0
EL4X_165.EL4X_131 WT b2,B2 - 3 - 2,gauche,Couple,Bien irrigue,2,3,2,165,48,215,5,3,0,,,32,37,-1,0
EL4X_165.EL4X_131 WT b2,B2 - 3 - 2,droite,Couple,Bien irrigue,2,3,2,131,56,249,5,3,0,,,"70,5","58,5","88,5","2,5"
EL4X_114.EL4X_235 WT b2,B2 - 3 - 3,gauche,Couple,Bien irrigue,2,3,3,114,43,203,4,2,0,,,26,"58,5","61,5","2,5"
EL4X_114.EL4X_235 WT b2,B2 - 3 - 3,droite,Couple,Bien irrigue,2,3,3,235,41,245,5,2,0,,,"34,5","60,5","81,5","2,5"
EL4X_130.EL4X_412 WT b2,B2 - 3 - 4,gauche,Couple,Bien irrigue,2,3,4,130,45,155,2,3,0,,,20,32,"-0,5",0
EL4X_130.EL4X_412 WT b2,B2 - 3 - 4,droite,Couple,Bien irrigue,2,3,4,412,47,214,4,3,0,,,"33,5",32,"0,5",0
EL4X_482.EL4X_118 WT b2,B2 - 3 - 5,gauche,Couple,Bien irrigue,2,3,5,482,46,194,5,3,1,,,30,22,-8,"0,5"
EL4X_482.EL4X_118 WT b2,B2 - 3 - 5,droite,Couple,Bien irrigue,2,3,5,118,44,217,4,2,0,,,"33,5",29,-13,"-0,5"
EL4X_89.EL4X_265 WT b2,B2 - 3 - 6,gauche,Couple,Bien irrigue,2,3,6,89,48,226,5,3,0,,,"25,5",63,"9,5","0,5"
EL4X_89.EL4X_265 WT b2,B2 - 3 - 6,droite,Couple,Bien irrigue,2,3,6,265,41,235,4,2,0,,,"27,5","37,5","12,5","0,5"
EL4X_412.EL4X_412 WT b2,B2 - 3 - 7,gauche,Monoculture,Bien irrigue,2,3,7,412,63,209,5,3,0,,,30,25,"-0,5",0
EL4X_412.EL4X_412 WT b2,B2 - 3 - 7,droite,Monoculture,Bien irrigue,2,3,7,412,38,215,5,2,0,,,38,75,75,"2,5"
EL4X_131.EL4X_74 WT b2,B2 - 3 - 8,gauche,Couple,Bien irrigue,2,3,8,131,51,211,5,3,0,,,29,39,0,0
EL4X_131.EL4X_74 WT b2,B2 - 3 - 8,droite,Couple,Bien irrigue,2,3,8,74,49,293,6,3,0,,,27,"28,5","0,5","0,5"
EL4X_482.EL4X_482 WT b2,B2 - 3 - 9,gauche,Monoculture,Bien irrigue,2,3,9,482,53,192,4,3,0,,,45,"69,5",47,2
EL4X_482.EL4X_482 WT b2,B2 - 3 - 9,droite,Monoculture,Bien irrigue,2,3,9,482,46,241,4,3,0,,,"31,5","37,5",-1,"0,5"
EL4X_165.EL4X_165 WT b2,B2 - 4 - 1,gauche,Monoculture,Bien irrigue,2,4,1,165,50,214,3,3,0,,,29,31,16,"-0,5"
EL4X_165.EL4X_165 WT b2,B2 - 4 - 1,droite,Monoculture,Bien irrigue,2,4,1,165,51,210,5,3,0,,,58,"87,5","89,5",2
EL4X_130.EL4X_74 WT b2,B2 - 4 - 2,gauche,Couple,Bien irrigue,2,4,2,130,61,191,4,3,0,,,26,"37,5","-0,5",0
EL4X_130.EL4X_74 WT b2,B2 - 4 - 2,droite,Couple,Bien irrigue,2,4,2,74,49,219,4,3,0,,,25,49,-1,0
EL4X_265.EL4X_265 WT b2,B2 - 4 - 3,gauche,Monoculture,Bien irrigue,2,4,3,265,39,184,3,3,0,,,"19,5",31,"-1,5",0
EL4X_265.EL4X_265 WT b2,B2 - 4 - 3,droite,Monoculture,Bien irrigue,2,4,3,265,46,252,4,2,0,,,"29,5",33,"-0,5","-0,5"
EL4X_130.EL4X_130 WT b2,B2 - 4 - 4,gauche,Monoculture,Bien irrigue,2,4,4,130,44,205,4,3,0,,,"31,5",28,-2,0
EL4X_130.EL4X_130 WT b2,B2 - 4 - 4,droite,Monoculture,Bien irrigue,2,4,4,130,41,212,3,3,0,,,"25,5",37,"-2,5",0
EL4X_329.EL4X_235 WT b2,B2 - 4 - 5,gauche,Couple,Bien irrigue,2,4,5,329,55,227,5,2,0,,,"23,5",12,"16,5",0
EL4X_329.EL4X_235 WT b2,B2 - 4 - 5,droite,Couple,Bien irrigue,2,4,5,235,44,194,4,3,0,,,"40,25","98,5",51,"2,5"
EL4X_74.EL4X_74 WT b2,B2 - 4 - 6,gauche,Monoculture,Bien irrigue,2,4,6,74,48,215,4,3,0,,,25,26,-1,0
EL4X_74.EL4X_74 WT b2,B2 - 4 - 6,droite,Monoculture,Bien irrigue,2,4,6,74,47,217,4,3,0,,,"26,5","30,5",1,0
EL4X_329.EL4X_114 WT b2,B2 - 4 - 7,gauche,Couple,Bien irrigue,2,4,7,329,47,189,5,3,0,,,19,"42,5",-1,0
EL4X_329.EL4X_114 WT b2,B2 - 4 - 7,droite,Couple,Bien irrigue,2,4,7,114,40,210,4,3,0,,,"35,5",67,"54,5","2,5"
EL4X_329.EL4X_329 WT b2,B2 - 4 - 8,gauche,Monoculture,Bien irrigue,2,4,8,329,50,195,4,3,0,,,"23,5",41,"-0,5",0
EL4X_329.EL4X_329 WT b2,B2 - 4 - 8,droite,Monoculture,Bien irrigue,2,4,8,329,53,178,4,3,0,,,NA,42,1,"0,5"
EL4X_376.EL4X_376 WT b2,B2 - 4 - 9,gauche,Monoculture,Bien irrigue,2,4,9,376,48,244,5,3,0,,,40,"29,5","11,5","0,5"
EL4X_376.EL4X_376 WT b2,B2 - 4 - 9,droite,Monoculture,Bien irrigue,2,4,9,376,48,209,4,2,0,,,33,"26,5",-12,"-0,5"
EL4X_412.EL4X_74 WT b2,B2 - 5 - 1,gauche,Couple,Bien irrigue,2,5,1,412,56,188,4,3,0,,,"22,5",36,8,"0,5"
EL4X_412.EL4X_74 WT b2,B2 - 5 - 1,droite,Couple,Bien irrigue,2,5,1,74,44,189,3,4,0,,,27,"30,5","0,5",0
EL4X_165.EL4X_74 WT b2,B2 - 5 - 2,gauche,Couple,Bien irrigue,2,5,2,165,49,245,4,3,0,,,"27,25","81,5",NA,NA
EL4X_165.EL4X_74 WT b2,B2 - 5 - 2,droite,Couple,Bien irrigue,2,5,2,74,41,214,3,3,0,,,33,31,"-1,5",0
EL4X_412.EL4X_131 WT b2,B2 - 5 - 3,gauche,Couple,Bien irrigue,2,5,3,412,56,142,2,2,0,,,"31,5","39,5",32,"1,5"
EL4X_412.EL4X_131 WT b2,B2 - 5 - 3,droite,Couple,Bien irrigue,2,5,3,131,45,218,5,3,0,,,39,"67,5","82,5","2,5"
EL4X_395.EL4X_235 WT b2,B2 - 5 - 4,gauche,Couple,Bien irrigue,2,5,4,395,45,30,4,2,0,,,4,NA,NA,NA
EL4X_395.EL4X_235 WT b2,B2 - 5 - 4,droite,Couple,Bien irrigue,2,5,4,235,43,216,3,2,0,,,"25,75",65,"53,5","1,5"
EL4X_89.EL4X_348 WT b2,B2 - 5 - 5,gauche,Couple,Bien irrigue,2,5,5,89,43,201,3,3,0,,,23,"12,5",-24,"-0,5"
EL4X_89.EL4X_348 WT b2,B2 - 5 - 5,droite,Couple,Bien irrigue,2,5,5,348,51,213,4,3,0,,,28,"93,5",70,"2,5"
EL4X_265.EL4X_118 WT b2,B2 - 5 - 6,gauche,Couple,Bien irrigue,2,5,6,265,48,203,4,3,0,,,"45,5","65,5","62,5",2
EL4X_265.EL4X_118 WT b2,B2 - 5 - 6,droite,Couple,Bien irrigue,2,5,6,118,NA,193,4,2,0,,,"32,75","62,5","69,5","2,5"
EL4X_131.EL4X_131 WT b2,B2 - 5 - 7,gauche,Monoculture,Bien irrigue,2,5,7,131,32,210,5,3,0,,,"43,25",NA,"4,5","0,5"
EL4X_131.EL4X_131 WT b2,B2 - 5 - 7,droite,Monoculture,Bien irrigue,2,5,7,131,60,215,5,3,0,,,"40,5",40,87,2
EL4X_89.EL4X_482 WT b2,B2 - 5 - 8,gauche,Couple,Bien irrigue,2,5,8,89,46,269,6,2,0,,,"27,5","31,5","3,5","-0,5"
EL4X_89.EL4X_482 WT b2,B2 - 5 - 8,droite,Couple,Bien irrigue,2,5,8,482,52,260,6,3,1,,,"27,5",36,"-2,5","0,5"
EL4X_89.EL4X_89 WT b2,B2 - 5 - 9,gauche,Monoculture,Bien irrigue,2,5,9,89,41,254,6,2,1,,,"28,5","33,5","-1,5","0,5"
EL4X_89.EL4X_89 WT b2,B2 - 5 - 9,droite,Monoculture,Bien irrigue,2,5,9,89,42,284,4,3,1,,,23,NA,-3,0
EL4X_131.EL4X_131 wt b3,B3 - 1 - 1,gauche,Monoculture,Contrainte hydrique,3,1,1,131,54,186,5,3,0,,,"38,75",64,"80,5","2,5"
EL4X_131.EL4X_131 wt b3,B3 - 1 - 1,droite,Monoculture,Contrainte hydrique,3,1,1,131,47,211,5,2,0,,,"49,5",59,74,2
EL4X_412.EL4X_412 wt b3,B3 - 1 - 2,gauche,Monoculture,Contrainte hydrique,3,1,2,412,49,210,4,3,0,,,33,67,"60,5","2,5"
EL4X_412.EL4X_412 wt b3,B3 - 1 - 2,droite,Monoculture,Contrainte hydrique,3,1,2,412,63,167,2,1,0,,,"34,75",76,"54,5",2
EL4X_329.EL4X_376 wt b3,B3 - 1 - 3,gauche,Couple,Contrainte hydrique,3,1,3,329,50,170,4,3,0,,,22,"34,5",-8,0
EL4X_329.EL4X_376 wt b3,B3 - 1 - 3,droite,Couple,Contrainte hydrique,3,1,3,376,55,214,5,3,0,,,"29,5","35,5",26,"-0,5"
EL4X_89.EL4X_118 wt b3,B3 - 1 - 4,gauche,Couple,Contrainte hydrique,3,1,4,89,48,184,5,2,1,,,"43,5",4,57,"2,5"
EL4X_89.EL4X_118 wt b3,B3 - 1 - 4,droite,Couple,Contrainte hydrique,3,1,4,118,32,201,4,2,0,,,"31,5",63,"70,5",2
EL4X_329.EL4X_114 wt b3,B3 - 1 - 5,gauche,Couple,Contrainte hydrique,3,1,5,329,57,209,5,3,0,,,"20,5","40,5","0,5","0,5"
EL4X_329.EL4X_114 wt b3,B3 - 1 - 5,droite,Couple,Contrainte hydrique,3,1,5,114,41,162,4,3,0,,,38,"70,5","70,5",2
EL4X_74.EL4X_74 wt b3,B3 - 1 - 6,gauche,Monoculture,Contrainte hydrique,3,1,6,74,38,222,4,3,0,,,28,"32,5","-11,5","0,5"
EL4X_74.EL4X_74 wt b3,B3 - 1 - 6,droite,Monoculture,Contrainte hydrique,3,1,6,74,45,217,4,3,0,,,"29,5",27,"44,5",2
EL4X_329.EL4X_395 wt b3,B3 - 1 - 7,gauche,Couple,Contrainte hydrique,3,1,7,329,58,186,5,3,0,,,"24,5","44,5","-0,5",0
EL4X_329.EL4X_395 wt b3,B3 - 1 - 7,droite,Couple,Contrainte hydrique,3,1,7,395,56,175,4,3,0,,,"11,83333333",NA,NA,NA
EL4X_265.EL4X_265 wt b3,B3 - 1 - 8,gauche,Monoculture,Contrainte hydrique,3,1,8,265,48,223,3,3,0,,,28,33,0,"-0,5"
EL4X_265.EL4X_265 wt b3,B3 - 1 - 8,droite,Monoculture,Contrainte hydrique,3,1,8,265,43,211,4,3,0,,,"23,5","31,5",-1,0
EL4X_165.EL4X_130 wt b3,B3 - 1 - 9,gauche,Couple,Contrainte hydrique,3,1,9,165,49,208,5,3,0,,,25,30,"5,5",0
EL4X_165.EL4X_130 wt b3,B3 - 1 - 9,droite,Couple,Contrainte hydrique,3,1,9,130,54,203,3,3,0,,,"32,5",34,-2,0
EL4X_131.EL4X_74 wt b3,B3 - 2 - 1,gauche,Couple,Contrainte hydrique,3,2,1,131,63,216,4,3,0,,,"37,5",57,79,2
EL4X_131.EL4X_74 wt b3,B3 - 2 - 1,droite,Couple,Contrainte hydrique,3,2,1,74,41,208,3,3,0,,,20,"27,5",0,1
EL4X_395.EL4X_395 wt b3,B3 - 2 - 2,gauche,Monoculture,Contrainte hydrique,3,2,2,395,47,280,5,3,0,,,"42,75",67,82,"2,5"
EL4X_395.EL4X_395 wt b3,B3 - 2 - 2,droite,Monoculture,Contrainte hydrique,3,2,2,395,52,212,3,2,0,,,"23,75","49,5","46,5",1
EL4X_89.EL4X_89 wt b3,B3 - 2 - 3,gauche,Monoculture,Contrainte hydrique,3,2,3,89,46,231,5,3,1,,,"26,5","35,5",33,1
EL4X_89.EL4X_89 wt b3,B3 - 2 - 3,droite,Monoculture,Contrainte hydrique,3,2,3,89,43,147,3,2,0,,,26,41,2,"0,5"
EL4X_482.EL4X_118 wt b3,B3 - 2 - 4,gauche,Couple,Contrainte hydrique,3,2,4,482,53,213,3,3,0,,,22,37,-1,0
EL4X_482.EL4X_118 wt b3,B3 - 2 - 4,droite,Couple,Contrainte hydrique,3,2,4,118,29,196,3,3,0,,,"25,5",29,-2,"0,5"
EL4X_482.EL4X_348 wt b3,B3 - 2 - 5,gauche,Couple,Contrainte hydrique,3,2,5,482,43,NA,NA,NA,0,,,"2,5",NA,NA,NA
EL4X_482.EL4X_348 wt b3,B3 - 2 - 5,droite,Couple,Contrainte hydrique,3,2,5,348,48,219,4,3,0,,,"25,5",34,2,"0,5"
EL4X_130.EL4X_412 wt b3,B3 - 2 - 6,gauche,Couple,Contrainte hydrique,3,2,6,130,48,198,4,3,0,,,"31,5",25,2,"0,5"
EL4X_130.EL4X_412 wt b3,B3 - 2 - 6,droite,Couple,Contrainte hydrique,3,2,6,412,50,155,4,3,0,,,NA,"40,5",-2,"0,5"
EL4X_89.EL4X_348 wt b3,B3 - 2 - 7,gauche,Couple,Contrainte hydrique,3,2,7,89,46,217,5,3,0,,,27,NA,NA,NA
EL4X_89.EL4X_348 wt b3,B3 - 2 - 7,droite,Couple,Contrainte hydrique,3,2,7,348,47,225,5,3,0,,,"29,5","27,5",11,"0,5"
EL4X_329.EL4X_235 wt b3,B3 - 2 - 8,gauche,Couple,Contrainte hydrique,3,2,8,329,57,189,4,3,0,,,"24,25",74,44,2
EL4X_329.EL4X_235 wt b3,B3 - 2 - 8,droite,Couple,Contrainte hydrique,3,2,8,235,45,174,3,3,0,,,16,25,-5,"-0,5"
EL4X_165.EL4X_74 wt b3,B3 - 2 - 9,gauche,Couple,Contrainte hydrique,3,2,9,165,44,90,4,3,0,,,"11,5",NA,NA,NA
EL4X_165.EL4X_74 wt b3,B3 - 2 - 9,droite,Couple,Contrainte hydrique,3,2,9,74,44,207,4,3,0,,,22,NA,0,"0,5"
EL4X_130.EL4X_74 wt b3,B3 - 3 - 1,gauche,Couple,Contrainte hydrique,3,3,1,130,45,207,4,3,0,,,"37,5","41,5","3,5","0,5"
EL4X_130.EL4X_74 wt b3,B3 - 3 - 1,droite,Couple,Contrainte hydrique,3,3,1,74,48,227,4,3,0,,,"23,5","31,5","-1,5",0
EL4X_482.EL4X_482 wt b3,B3 - 3 - 2,gauche,Monoculture,Contrainte hydrique,3,3,2,482,49,195,3,3,0,,,22,33,"-0,5",0
EL4X_482.EL4X_482 wt b3,B3 - 3 - 2,droite,Monoculture,Contrainte hydrique,3,3,2,482,46,222,3,2,0,,,"33,5",32,0,0
EL4X_165.EL4X_412 wt b3,B3 - 3 - 3,gauche,Couple,Contrainte hydrique,3,3,3,165,49,220,4,3,0,,,"34,75",85,74,2
EL4X_165.EL4X_412 wt b3,B3 - 3 - 3,droite,Couple,Contrainte hydrique,3,3,3,412,56,94,3,2,0,,,NA,92,"16,5",1
EL4X_376.EL4X_376 wt b3,B3 - 3 - 4,gauche,Monoculture,Contrainte hydrique,3,3,4,376,57,240,5,3,0,,,"41,5",22,0,0
EL4X_376.EL4X_376 wt b3,B3 - 3 - 4,droite,Monoculture,Contrainte hydrique,3,3,4,376,45,252,5,2,0,,,"31,5","15,5","0,5",0
EL4X_114.EL4X_235 wt b3,B3 - 3 - 5,gauche,Couple,Contrainte hydrique,3,3,5,114,42,214,5,3,0,,,"41,75",67,84,"2,5"
EL4X_114.EL4X_235 wt b3,B3 - 3 - 5,droite,Couple,Contrainte hydrique,3,3,5,235,48,234,4,2,0,,,"32,5",68,"63,5","2,5"
EL4X_395.EL4X_114 wt b3,B3 - 3 - 6,gauche,Couple,Contrainte hydrique,3,3,6,395,40,219,3,2,0,,,"17,83333333",NA,NA,NA
EL4X_395.EL4X_114 wt b3,B3 - 3 - 6,droite,Couple,Contrainte hydrique,3,3,6,114,44,221,4,3,0,,,21,36,"-5,5",0
EL4X_265.EL4X_118 wt b3,B3 - 3 - 7,gauche,Couple,Contrainte hydrique,3,3,7,265,48,226,4,2,0,,,26,"25,5",4,"-0,5"
EL4X_265.EL4X_118 wt b3,B3 - 3 - 7,droite,Couple,Contrainte hydrique,3,3,7,118,39,205,5,2,0,,,"26,5",23,"-2,5","-0,5"
EL4X_118.EL4X_118 wt b3,B3 - 3 - 8,gauche,Monoculture,Contrainte hydrique,3,3,8,118,25,201,4,2,0,,,30,40,"72,5",2
EL4X_118.EL4X_118 wt b3,B3 - 3 - 8,droite,Monoculture,Contrainte hydrique,3,3,8,118,29,188,4,2,0,,,20,"19,5",2,0
EL4X_395.EL4X_376 wt b3,B3 - 3 - 9,gauche,Couple,Contrainte hydrique,3,3,9,395,54,205,3,2,0,,,"17,5","30,5","32,5","1,5"
EL4X_395.EL4X_376 wt b3,B3 - 3 - 9,droite,Couple,Contrainte hydrique,3,3,9,376,74,218,5,3,0,,,"28,5",36,3,0
EL4X_482.EL4X_265 wt b3,B3 - 4 - 1,gauche,Couple,Contrainte hydrique,3,4,1,482,50,215,4,3,0,,,"51,5","85,5",64,"2,5"
EL4X_482.EL4X_265 wt b3,B3 - 4 - 1,droite,Couple,Contrainte hydrique,3,4,1,265,43,185,3,3,0,,,45,"62,5",56,2
EL4X_412.EL4X_74 wt b3,B3 - 4 - 2,gauche,Couple,Contrainte hydrique,3,4,2,412,50,186,4,2,0,,,"30,75",65,52,2
EL4X_412.EL4X_74 wt b3,B3 - 4 - 2,droite,Couple,Contrainte hydrique,3,4,2,74,41,206,3,3,0,,,22,"30,5","-0,5",0
EL4X_412.EL4X_131 wt b3,B3 - 4 - 3,gauche,Couple,Contrainte hydrique,3,4,3,412,66,199,4,3,0,,,25,"41,5",1,"-0,5"
EL4X_412.EL4X_131 wt b3,B3 - 4 - 3,droite,Couple,Contrainte hydrique,3,4,3,131,53,209,5,2,0,,,38,"62,5","74,5",2
EL4X_395.EL4X_235 wt b3,B3 - 4 - 4,gauche,Couple,Contrainte hydrique,3,4,4,395,51,NA,NA,NA,0,,,NA,NA,NA,NA
EL4X_395.EL4X_235 wt b3,B3 - 4 - 4,droite,Couple,Contrainte hydrique,3,4,4,235,45,222,4,2,0,,,32,"51,5","58,5",2
EL4X_376.EL4X_235 wt b3,B3 - 4 - 5,gauche,Couple,Contrainte hydrique,3,4,5,376,37,241,5,3,0,,,38,"34,5",-3,0
EL4X_376.EL4X_235 wt b3,B3 - 4 - 5,droite,Couple,Contrainte hydrique,3,4,5,235,43,221,4,2,0,,,28,57,54,2
EL4X_265.EL4X_348 wt b3,B3 - 4 - 6,gauche,Couple,Contrainte hydrique,3,4,6,265,45,160,4,2,0,,,NA,NA,NA,NA
EL4X_265.EL4X_348 wt b3,B3 - 4 - 6,droite,Couple,Contrainte hydrique,3,4,6,348,41,76,2,3,1,,,NA,NA,NA,NA
EL4X_130.EL4X_130 wt b3,B3 - 4 - 7,gauche,Monoculture,Contrainte hydrique,3,4,7,130,44,215,4,3,0,,,"32,5","34,5",3,"0,5"
EL4X_130.EL4X_130 wt b3,B3 - 4 - 7,droite,Monoculture,Contrainte hydrique,3,4,7,130,40,192,4,3,0,,,26,30,0,0
EL4X_118.EL4X_348 wt b3,B3 - 4 - 8,gauche,Couple,Contrainte hydrique,3,4,8,118,36,179,4,3,0,,,"24,5",24,0,"-0,5"
EL4X_118.EL4X_348 wt b3,B3 - 4 - 8,droite,Couple,Contrainte hydrique,3,4,8,348,47,227,4,3,0,,,31,35,-2,0
EL4X_165.EL4X_165 wt b3,B3 - 4 - 9,gauche,Monoculture,Contrainte hydrique,3,4,9,165,47,204,4,2,0,,,32,"61,5",66,"1,5"
EL4X_165.EL4X_165 wt b3,B3 - 4 - 9,droite,Monoculture,Contrainte hydrique,3,4,9,165,51,206,4,3,0,,,32,NA,-1,0
EL4X_329.EL4X_329 wt b3,B3 - 5 - 1,gauche,Monoculture,Contrainte hydrique,3,5,1,329,48,201,4,3,0,,,23,40,"-0,5","-0,5"
EL4X_329.EL4X_329 wt b3,B3 - 5 - 1,droite,Monoculture,Contrainte hydrique,3,5,1,329,55,195,4,3,0,,,"23,5",41,-1,"-0,5"
EL4X_114.EL4X_376 wt b3,B3 - 5 - 2,gauche,Couple,Contrainte hydrique,3,5,2,114,40,213,4,2,0,,,27,NA,NA,NA
EL4X_114.EL4X_376 wt b3,B3 - 5 - 2,droite,Couple,Contrainte hydrique,3,5,2,376,48,195,4,3,0,,,"39,5",67,"75,5",2
EL4X_89.EL4X_482 wt b3,B3 - 5 - 3,gauche,Couple,Contrainte hydrique,3,5,3,89,45,211,4,3,0,,,"30,75",67,65,2
EL4X_89.EL4X_482 wt b3,B3 - 5 - 3,droite,Couple,Contrainte hydrique,3,5,3,482,47,221,4,3,0,,,30,26,-2,"-0,5"
EL4X_89.EL4X_265 wt b3,B3 - 5 - 4,gauche,Couple,Contrainte hydrique,3,5,4,89,46,200,4,3,0,,,"17,66666667",NA,NA,NA
EL4X_89.EL4X_265 wt b3,B3 - 5 - 4,droite,Couple,Contrainte hydrique,3,5,4,265,40,201,3,2,0,,,"26,25","70,5",60,"1,5"
EL4X_235.EL4X_235 wt b3,B3 - 5 - 5,gauche,Monoculture,Contrainte hydrique,3,5,5,235,44,224,5,2,0,,,28,"28,5",-3,"-0,5"
EL4X_235.EL4X_235 wt b3,B3 - 5 - 5,droite,Monoculture,Contrainte hydrique,3,5,5,235,48,211,4,2,0,,,"28,75","52,5",50,2
EL4X_114.EL4X_114 wt b3,B3 - 5 - 6,gauche,Monoculture,Contrainte hydrique,3,5,6,114,43,222,3,2,0,,,"22,5","46,5",47,1
EL4X_114.EL4X_114 wt b3,B3 - 5 - 6,droite,Monoculture,Contrainte hydrique,3,5,6,114,44,191,4,3,0,,,"37,5",71,65,2
EL4X_165.EL4X_131 wt b3,B3 - 5 - 7,gauche,Couple,Contrainte hydrique,3,5,7,165,54,231,5,2,0,,,35,"35,5",0,0
EL4X_165.EL4X_131 wt b3,B3 - 5 - 7,droite,Couple,Contrainte hydrique,3,5,7,131,55,178,4,2,0,,,26,"16,5","-4,5","-0,5"
EL4X_348.EL4X_348 wt b3,B3 - 5 - 8,gauche,Monoculture,Contrainte hydrique,3,5,8,348,47,205,4,3,0,,,"27,5",28,0,0
EL4X_348.EL4X_348 wt b3,B3 - 5 - 8,droite,Monoculture,Contrainte hydrique,3,5,8,348,42,173,3,3,0,,,22,"14,5","8,5","-0,5"
EL4X_130.EL4X_131 wt b3,B3 - 5 - 9,gauche,Couple,Contrainte hydrique,3,5,9,130,46,187,4,3,0,,,"25,5",28,0,0
EL4X_130.EL4X_131 wt b3,B3 - 5 - 9,droite,Couple,Contrainte hydrique,3,5,9,131,46,233,5,2,0,,,"41,25",58,78,2
EL4X_329.EL4X_235 WT b4,B4 - 1 - 1,gauche,Couple,Bien irrigue,4,1,1,329,55,194,4,3,0,,,21,"41,5","-1,5","-0,5"
EL4X_329.EL4X_235 WT b4,B4 - 1 - 1,droite,Couple,Bien irrigue,4,1,1,235,44,222,5,2,0,,,"35,5","61,5","82,5","2,5"
EL4X_329.EL4X_395 WT b4,B4 - 1 - 2,gauche,Couple,Bien irrigue,4,1,2,329,51,240,4,3,0,,,"38,25","72,5","62,5",2
EL4X_329.EL4X_395 WT b4,B4 - 1 - 2,droite,Couple,Bien irrigue,4,1,2,395,54,115,4,2,0,,,"16,25","32,5","36,5",2
EL4X_89.EL4X_89 WT b4,B4 - 1 - 3,gauche,Monoculture,Bien irrigue,4,1,3,89,41,229,5,3,1,,,"28,5","21,5",8,"0,5"
EL4X_89.EL4X_89 WT b4,B4 - 1 - 3,droite,Monoculture,Bien irrigue,4,1,3,89,42,244,4,3,1,,,"38,75",87,"72,5","2,5"
EL4X_395.EL4X_114 WT b4,B4 - 1 - 4,gauche,Couple,Bien irrigue,4,1,4,395,51,208,3,2,0,,,"13,5",60,"67,5",2
EL4X_395.EL4X_114 WT b4,B4 - 1 - 4,droite,Couple,Bien irrigue,4,1,4,114,46,209,5,3,0,,,"34,25",28,"41,5",2
EL4X_395.EL4X_395 WT b4,B4 - 1 - 5,gauche,Monoculture,Bien irrigue,4,1,5,395,49,208,3,2,0,,,"22,5","48,5","47,5","1,5"
EL4X_395.EL4X_395 WT b4,B4 - 1 - 5,droite,Monoculture,Bien irrigue,4,1,5,395,46,272,5,2,0,,,"47,75","72,5","102,5",2
EL4X_412.EL4X_131 WT b4,B4 - 1 - 6,gauche,Couple,Bien irrigue,4,1,6,412,48,193,4,2,0,,,"26,25","56,5",51,2
EL4X_412.EL4X_131 WT b4,B4 - 1 - 6,droite,Couple,Bien irrigue,4,1,6,131,51,230,5,3,0,,,41,67,86,"2,5"
EL4X_130.EL4X_131 WT b4,B4 - 1 - 7,gauche,Couple,Bien irrigue,4,1,7,130,31,184,3,3,0,,,"27,5","29,5","0,5",0
EL4X_130.EL4X_131 WT b4,B4 - 1 - 7,droite,Couple,Bien irrigue,4,1,7,131,44,198,4,2,0,,,"24,75","46,5","42,5","1,5"
EL4X_265.EL4X_348 WT b4,B4 - 1 - 8,gauche,Couple,Bien irrigue,4,1,8,265,38,217,4,3,0,,,"29,5",34,"-0,5",0
EL4X_265.EL4X_348 WT b4,B4 - 1 - 8,droite,Couple,Bien irrigue,4,1,8,348,46,238,4,3,0,,,26,33,0,0
EL4X_118.EL4X_118 WT b4,B4 - 1 - 9,gauche,Monoculture,Bien irrigue,4,1,9,118,41,185,5,3,0,,,"27,5",25,2,0
EL4X_118.EL4X_118 WT b4,B4 - 1 - 9,droite,Monoculture,Bien irrigue,4,1,9,118,34,207,4,2,0,,,35,"66,5",70,2
EL4X_165.EL4X_130 WT b4,B4 - 2 - 1,gauche,Couple,Bien irrigue,4,2,1,165,47,65,2,2,0,,,NA,NA,NA,NA
EL4X_165.EL4X_130 WT b4,B4 - 2 - 1,droite,Couple,Bien irrigue,4,2,1,130,49,196,4,3,0,,,41,40,"-2,5","-0,5"
EL4X_329.EL4X_376 WT b4,B4 - 2 - 2,gauche,Couple,Bien irrigue,4,2,2,329,58,216,4,2,0,,,NA,66,"46,5",2
EL4X_329.EL4X_376 WT b4,B4 - 2 - 2,droite,Couple,Bien irrigue,4,2,2,376,61,182,4,3,0,,,"36,25",80,"67,5",2
EL4X_165.EL4X_74 WT b4,B4 - 2 - 3,gauche,Couple,Bien irrigue,4,2,3,165,50,241,4,3,0,,,"36,5",83,66,2
EL4X_165.EL4X_74 WT b4,B4 - 2 - 3,droite,Couple,Bien irrigue,4,2,3,74,44,202,4,3,0,,,"23,5",31,"0,5",0
EL4X_131.EL4X_74 WT b4,B4 - 2 - 4,gauche,Couple,Bien irrigue,4,2,4,131,39,225,5,3,0,,,"41,75","71,5",92,"2,5"
EL4X_131.EL4X_74 WT b4,B4 - 2 - 4,droite,Couple,Bien irrigue,4,2,4,74,48,211,3,3,0,,,"22,5",32,"2,5",0
EL4X_395.EL4X_235 WT b4,B4 - 2 - 5,gauche,Couple,Bien irrigue,4,2,5,395,54,224,5,2,0,,,39,"62,5","72,5",2
EL4X_395.EL4X_235 WT b4,B4 - 2 - 5,droite,Couple,Bien irrigue,4,2,5,235,41,259,5,3,1,,,30,65,56,2
EL4X_130.EL4X_412 WT b4,B4 - 2 - 6,gauche,Couple,Bien irrigue,4,2,6,130,44,215,3,3,0,,,25,"37,5",1,0
EL4X_130.EL4X_412 WT b4,B4 - 2 - 6,droite,Couple,Bien irrigue,4,2,6,412,51,206,4,3,0,,,"33,75",69,"64,5","2,5"
EL4X_131.EL4X_131 WT b4,B4 - 2 - 7,gauche,Monoculture,Bien irrigue,4,2,7,131,45,238,4,2,0,,,"36,5",48,"78,5",2
EL4X_131.EL4X_131 WT b4,B4 - 2 - 7,droite,Monoculture,Bien irrigue,4,2,7,131,50,222,5,2,0,,,"42,5","62,5","92,5",2
EL4X_74.EL4X_74 WT b4,B4 - 2 - 8,gauche,Monoculture,Bien irrigue,4,2,8,74,41,199,4,3,0,,,"27,5",35,0,"0,5"
EL4X_74.EL4X_74 WT b4,B4 - 2 - 8,droite,Monoculture,Bien irrigue,4,2,8,74,50,192,3,3,0,,,"22,5","33,5",0,"-0,5"
EL4X_114.EL4X_376 WT b4,B4 - 2 - 9,gauche,Couple,Bien irrigue,4,2,9,114,45,213,5,3,0,,,37,"66,5","72,5",2
EL4X_114.EL4X_376 WT b4,B4 - 2 - 9,droite,Couple,Bien irrigue,4,2,9,376,44,210,5,3,0,,,"45,25",67,91,"2,5"
EL4X_482.EL4X_482 WT b4,B4 - 3 - 1,gauche,Monoculture,Bien irrigue,4,3,1,482,45,227,4,3,0,,,32,"34,5",1,"0,5"
EL4X_482.EL4X_482 WT b4,B4 - 3 - 1,droite,Monoculture,Bien irrigue,4,3,1,482,49,240,4,3,0,,,27,"36,5",0,0
EL4X_89.EL4X_482 WT b4,B4 - 3 - 2,gauche,Couple,Bien irrigue,4,3,2,89,41,210,3,3,0,,,"29,5",24,"-4,5",0
EL4X_89.EL4X_482 WT b4,B4 - 3 - 2,droite,Couple,Bien irrigue,4,3,2,482,50,235,4,3,1,,,"37,75","76,5","82,5","2,5"
EL4X_89.EL4X_118 WT b4,B4 - 3 - 3,gauche,Couple,Bien irrigue,4,3,3,89,42,199,5,3,0,,,39,"75,5",80,"2,5"
EL4X_89.EL4X_118 WT b4,B4 - 3 - 3,droite,Couple,Bien irrigue,4,3,3,118,32,186,5,2,0,,,"29,75","66,5",65,2
EL4X_235.EL4X_235 WT b4,B4 - 3 - 4,gauche,Monoculture,Bien irrigue,4,3,4,235,41,227,5,2,0,,,38,"70,5",79,"2,5"
EL4X_235.EL4X_235 WT b4,B4 - 3 - 4,droite,Monoculture,Bien irrigue,4,3,4,235,40,211,4,2,0,,,"30,25",66,59,"2,5"
EL4X_265.EL4X_118 WT b4,B4 - 3 - 5,gauche,Couple,Bien irrigue,4,3,5,265,41,124,3,3,0,,,NA,35,"-2,5",0
EL4X_265.EL4X_118 WT b4,B4 - 3 - 5,droite,Couple,Bien irrigue,4,3,5,118,30,181,4,3,0,,,22,30,1,"0,5"
EL4X_165.EL4X_131 WT b4,B4 - 3 - 6,gauche,Couple,Bien irrigue,4,3,6,165,49,198,3,3,0,,,"25,5","36,5","-1,5",0
EL4X_165.EL4X_131 WT b4,B4 - 3 - 6,droite,Couple,Bien irrigue,4,3,6,131,43,219,4,2,0,,,"32,5",54,"71,5","2,5"
EL4X_118.EL4X_348 WT b4,B4 - 3 - 7,gauche,Couple,Bien irrigue,4,3,7,118,43,202,4,3,0,,,"32,25","82,5",65,"2,5"
EL4X_118.EL4X_348 WT b4,B4 - 3 - 7,droite,Couple,Bien irrigue,4,3,7,348,49,216,4,3,0,,,"37,5","33,5","3,5","-0,5"
EL4X_89.EL4X_348 WT b4,B4 - 3 - 8,gauche,Couple,Bien irrigue,4,3,8,89,48,186,3,2,0,,,25,"52,5",50,2
EL4X_89.EL4X_348 WT b4,B4 - 3 - 8,droite,Couple,Bien irrigue,4,3,8,348,47,210,4,3,0,,,"33,5","32,5",-2,"0,5"
EL4X_130.EL4X_130 WT b4,B4 - 3 - 9,gauche,Monoculture,Bien irrigue,4,3,9,130,41,195,4,3,0,,,"38,25","68,5",85,"2,5"
EL4X_130.EL4X_130 WT b4,B4 - 3 - 9,droite,Monoculture,Bien irrigue,4,3,9,130,53,207,4,3,0,,,32,"32,5","-3,5",0
EL4X_329.EL4X_329 WT b4,B4 - 4 - 1,gauche,Monoculture,Bien irrigue,4,4,1,329,54,199,5,3,0,,,"30,5","32,5",-1,"0,5"
EL4X_329.EL4X_329 WT b4,B4 - 4 - 1,droite,Monoculture,Bien irrigue,4,4,1,329,55,170,2,3,0,,,"19,75","67,5","36,5",2
EL4X_482.EL4X_265 WT b4,B4 - 4 - 2,gauche,Couple,Bien irrigue,4,4,2,482,48,187,4,2,0,,,"24,5",66,-2,0
EL4X_482.EL4X_265 WT b4,B4 - 4 - 2,droite,Couple,Bien irrigue,4,4,2,265,47,200,4,3,0,,,NA,11,"14,5",0
EL4X_482.EL4X_118 WT b4,B4 - 4 - 3,gauche,Couple,Bien irrigue,4,4,3,482,45,213,4,3,0,,,NA,"45,5",0,"-0,5"
EL4X_482.EL4X_118 WT b4,B4 - 4 - 3,droite,Couple,Bien irrigue,4,4,3,118,27,195,3,2,0,,,31,"51,5",67,2
EL4X_329.EL4X_114 WT b4,B4 - 4 - 4,gauche,Couple,Bien irrigue,4,4,4,329,53,181,5,3,0,,,"23,5","39,5",1,"0,5"
EL4X_329.EL4X_114 WT b4,B4 - 4 - 4,droite,Couple,Bien irrigue,4,4,4,114,46,194,4,2,0,,,25,58,45,"1,5"
EL4X_482.EL4X_348 WT b4,B4 - 4 - 5,gauche,Couple,Bien irrigue,4,4,5,482,52,224,5,3,0,,,"30,5","36,5",1,"-0,5"
EL4X_482.EL4X_348 WT b4,B4 - 4 - 5,droite,Couple,Bien irrigue,4,4,5,348,42,173,3,3,0,,,20,"30,5",-6,0
EL4X_376.EL4X_235 WT b4,B4 - 4 - 6,gauche,Couple,Bien irrigue,4,4,6,376,58,201,4,3,0,,,31,39,-2,0
EL4X_376.EL4X_235 WT b4,B4 - 4 - 6,droite,Couple,Bien irrigue,4,4,6,235,38,176,4,3,0,,,"29,75",58,56,2
EL4X_348.EL4X_348 WT b4,B4 - 4 - 7,gauche,Monoculture,Bien irrigue,4,4,7,348,49,215,4,3,0,,,29,37,0,"-0,5"
EL4X_348.EL4X_348 WT b4,B4 - 4 - 7,droite,Monoculture,Bien irrigue,4,4,7,348,47,177,4,3,0,,,"16,5",36,"-0,5",0
EL4X_412.EL4X_74 WT b4,B4 - 4 - 8,gauche,Couple,Bien irrigue,4,4,8,412,55,186,5,2,0,,,"27,25","56,5","41,5",2
EL4X_412.EL4X_74 WT b4,B4 - 4 - 8,droite,Couple,Bien irrigue,4,4,8,74,47,225,4,3,0,,,"29,5","33,5","-1,5","-0,5"
EL4X_114.EL4X_114 WT b4,B4 - 4 - 9,gauche,Monoculture,Bien irrigue,4,4,9,114,43,204,4,3,0,,,31,75,50,2
EL4X_114.EL4X_114 WT b4,B4 - 4 - 9,droite,Monoculture,Bien irrigue,4,4,9,114,45,216,5,3,0,,,"31,75",77,59,"1,5"
EL4X_376.EL4X_376 WT b4,B4 - 5 - 1,gauche,Monoculture,Bien irrigue,4,5,1,376,45,218,5,3,0,,,32,"32,5",-1,0
EL4X_376.EL4X_376 WT b4,B4 - 5 - 1,droite,Monoculture,Bien irrigue,4,5,1,376,56,215,4,3,0,,,36,36,"-0,5",0
EL4X_165.EL4X_165 WT b4,B4 - 5 - 2,gauche,Monoculture,Bien irrigue,4,5,2,165,47,175,3,3,0,,,"23,5",26,"1,5",0
EL4X_165.EL4X_165 WT b4,B4 - 5 - 2,droite,Monoculture,Bien irrigue,4,5,2,165,46,204,4,3,0,,,"32,5",37,"-2,5",0
EL4X_265.EL4X_265 WT b4,B4 - 5 - 3,gauche,Monoculture,Bien irrigue,4,5,3,265,47,229,4,3,0,,,"27,5","34,5",6,0
EL4X_265.EL4X_265 WT b4,B4 - 5 - 3,droite,Monoculture,Bien irrigue,4,5,3,265,38,226,4,3,0,,,29,"46,5",0,0
EL4X_395.EL4X_376 WT b4,B4 - 5 - 4,gauche,Couple,Bien irrigue,4,5,4,395,47,211,4,2,0,,,"20,33333333",NA,NA,NA
EL4X_395.EL4X_376 WT b4,B4 - 5 - 4,droite,Couple,Bien irrigue,4,5,4,376,52,237,5,3,0,,,37,"42,5",0,"-0,5"
EL4X_412.EL4X_412 WT b4,B4 - 5 - 5,gauche,Monoculture,Bien irrigue,4,5,5,412,49,181,5,2,0,,,26,59,"42,5",2
EL4X_412.EL4X_412 WT b4,B4 - 5 - 5,droite,Monoculture,Bien irrigue,4,5,5,412,48,192,2,3,0,,,"30,25",65,"52,5",2
EL4X_114.EL4X_235 WT b4,B4 - 5 - 6,gauche,Couple,Bien irrigue,4,5,6,114,44,202,5,3,0,,,"39,5",60,81,2
EL4X_114.EL4X_235 WT b4,B4 - 5 - 6,droite,Couple,Bien irrigue,4,5,6,235,39,220,5,2,0,,,"31,5","52,5","67,5",2
EL4X_165.EL4X_412 WT b4,B4 - 5 - 7,gauche,Couple,Bien irrigue,4,5,7,165,43,NA,NA,NA,0,,,NA,NA,NA,NA
EL4X_165.EL4X_412 WT b4,B4 - 5 - 7,droite,Couple,Bien irrigue,4,5,7,412,50,198,5,2,0,,,"36,25",65,65,"2,5"
EL4X_130.EL4X_74 WT b4,B4 - 5 - 8,gauche,Couple,Bien irrigue,4,5,8,130,21,186,4,3,0,,,32,"51,5",65,2
EL4X_130.EL4X_74 WT b4,B4 - 5 - 8,droite,Couple,Bien irrigue,4,5,8,74,58,238,4,3,0,,,"31,5","41,5",0,0
EL4X_89.EL4X_265 WT b4,B4 - 5 - 9,gauche,Couple,Bien irrigue,4,5,9,89,45,201,4,3,1,,,"34,75",60,"62,5",2
EL4X_89.EL4X_265 WT b4,B4 - 5 - 9,droite,Couple,Bien irrigue,4,5,9,265,41,227,3,3,0,,,"34,75","81,5",66,"2,5"
EL4X_329.EL4X_395 wt b5,B5 - 1 - 1,gauche,Monoculture,Contrainte hydrique,5,1,1,329,43,207,4,3,0,,,25,38,"2,5",-1
EL4X_329.EL4X_395 wt b5,B5 - 1 - 1,droite,Monoculture,Contrainte hydrique,5,1,1,395,52,240,4,3,0,,,"43,75",74,"85,5","2,5"
EL4X_130.EL4X_130 wt b5,B5 - 1 - 2,gauche,Monoculture,Contrainte hydrique,5,1,2,130,35,214,4,3,0,,,29,27,"0,5",0
EL4X_130.EL4X_130 wt b5,B5 - 1 - 2,droite,Monoculture,Contrainte hydrique,5,1,2,130,43,190,4,3,0,,,"34,5","57,5","76,5","1,5"
EL4X_89.EL4X_118 wt b5,B5 - 1 - 3,gauche,Couple,Contrainte hydrique,5,1,3,89,48,253,5,2,1,,,40,76,"79,5","2,5"
EL4X_89.EL4X_118 wt b5,B5 - 1 - 3,droite,Couple,Contrainte hydrique,5,1,3,118,26,204,3,2,0,,,"24,5",53,"54,5",2
EL4X_165.EL4X_165 wt b5,B5 - 1 - 4,gauche,Monoculture,Contrainte hydrique,5,1,4,165,44,222,4,3,0,,,28,"28,5",3,0
EL4X_165.EL4X_165 wt b5,B5 - 1 - 4,droite,Monoculture,Contrainte hydrique,5,1,4,165,49,158,4,3,0,,,"22,5","27,5",-1,"0,5"
EL4X_165.EL4X_131 wt b5,B5 - 1 - 5,gauche,Couple,Contrainte hydrique,5,1,5,165,43,219,4,3,0,,,"18,25",78,74,2
EL4X_165.EL4X_131 wt b5,B5 - 1 - 5,droite,Couple,Contrainte hydrique,5,1,5,131,58,235,4,2,0,,,59,54,"67,5",2
EL4X_114.EL4X_235 wt b5,B5 - 1 - 6,gauche,Couple,Contrainte hydrique,5,1,6,114,40,235,4,2,0,,,"-3,5",NA,NA,NA
EL4X_114.EL4X_235 wt b5,B5 - 1 - 6,droite,Couple,Contrainte hydrique,5,1,6,235,40,221,4,2,0,,,"32,75","57,5",53,2
EL4X_89.EL4X_482 wt b5,B5 - 1 - 7,gauche,Couple,Contrainte hydrique,5,1,7,89,45,220,5,3,0,,,"36,5","74,5","72,5",2
EL4X_89.EL4X_482 wt b5,B5 - 1 - 7,droite,Couple,Contrainte hydrique,5,1,7,482,49,225,4,3,0,,,"32,25","95,5","54,5",2
EL4X_235.EL4X_235 wt b5,B5 - 1 - 8,gauche,Monoculture,Contrainte hydrique,5,1,8,235,47,240,5,2,0,,,"31,75","45,5",74,"2,5"
EL4X_235.EL4X_235 wt b5,B5 - 1 - 8,droite,Monoculture,Contrainte hydrique,5,1,8,235,39,220,4,2,0,,,"26,5","50,5",59,2
EL4X_89.EL4X_265 wt b5,B5 - 1 - 9,gauche,Couple,Contrainte hydrique,5,1,9,89,43,216,4,3,0,,,32,NA,"-2,5","-0,5"
EL4X_89.EL4X_265 wt b5,B5 - 1 - 9,droite,Couple,Contrainte hydrique,5,1,9,265,43,NA,NA,NA,0,,,NA,NA,NA,NA
EL4X_165.EL4X_412 wt b5,B5 - 2 - 1,gauche,Couple,Contrainte hydrique,5,2,1,165,42,207,3,3,0,,,"37,25","74,5",77,2
EL4X_165.EL4X_412 wt b5,B5 - 2 - 1,droite,Couple,Contrainte hydrique,5,2,1,412,55,213,4,2,0,,,"36,25",53,"75,5",2
EL4X_265.EL4X_265 wt b5,B5 - 2 - 2,gauche,Monoculture,Contrainte hydrique,5,2,2,265,38,223,2,2,0,,,19,29,"0,5",0
EL4X_265.EL4X_265 wt b5,B5 - 2 - 2,droite,Monoculture,Contrainte hydrique,5,2,2,265,47,210,3,2,0,,,"43,5",54,50,"2,5"
EL4X_165.EL4X_130 wt b5,B5 - 2 - 3,gauche,Couple,Contrainte hydrique,5,2,3,165,51,240,4,2,0,,,27,39,"0,5","-0,5"
EL4X_165.EL4X_130 wt b5,B5 - 2 - 3,droite,Couple,Contrainte hydrique,5,2,3,130,40,205,3,2,0,,,"34,75","1,5","63,5","63,5"
EL4X_130.EL4X_74 wt b5,B5 - 2 - 4,gauche,Couple,Contrainte hydrique,5,2,4,130,47,220,4,3,0,,,23,"33,5",0,0
EL4X_130.EL4X_74 wt b5,B5 - 2 - 4,droite,Couple,Contrainte hydrique,5,2,4,74,45,223,3,3,0,,,"29,5",30,"-4,5",0
EL4X_74.EL4X_74 wt b5,B5 - 2 - 5,gauche,Monoculture,Contrainte hydrique,5,2,5,74,48,175,3,3,0,,,"30,5","30,5",-3,"-0,5"
EL4X_74.EL4X_74 wt b5,B5 - 2 - 5,droite,Monoculture,Contrainte hydrique,5,2,5,74,45,201,4,3,0,,,"15,5","35,5","-25,5",0
EL4X_131.EL4X_74 wt b5,B5 - 2 - 6,gauche,Couple,Contrainte hydrique,5,2,6,131,62,206,4,2,0,,,"28,5",51,"65,5",2
EL4X_131.EL4X_74 wt b5,B5 - 2 - 6,droite,Couple,Contrainte hydrique,5,2,6,74,44,218,4,3,0,,,"24,5",33,6,"0,5"
EL4X_265.EL4X_118 wt b5,B5 - 2 - 7,gauche,Couple,Contrainte hydrique,5,2,7,265,48,255,4,2,0,,,27,"45,5",-1,0
EL4X_265.EL4X_118 wt b5,B5 - 2 - 7,droite,Couple,Contrainte hydrique,5,2,7,118,38,209,4,2,0,,,"27,5",25,0,0
EL4X_89.EL4X_348 wt b5,B5 - 2 - 8,gauche,Couple,Contrainte hydrique,5,2,8,89,40,210,4,3,0,,,23,"37,5","-7,5","0,5"
EL4X_89.EL4X_348 wt b5,B5 - 2 - 8,droite,Couple,Contrainte hydrique,5,2,8,348,42,195,4,3,0,,,23,28,"-1,5",0
EL4X_412.EL4X_131 wt b5,B5 - 2 - 9,gauche,Couple,Contrainte hydrique,5,2,9,412,53,NA,NA,NA,0,,,NA,NA,NA,NA
EL4X_412.EL4X_131 wt b5,B5 - 2 - 9,droite,Couple,Contrainte hydrique,5,2,9,131,61,205,4,3,0,,,"23,5",64,"65,5",2
EL4X_130.EL4X_131 wt b5,B5 - 3 - 1,gauche,Couple,Contrainte hydrique,5,3,1,130,43,172,4,3,0,,,"34,25","54,5",62,2
EL4X_130.EL4X_131 wt b5,B5 - 3 - 1,droite,Couple,Contrainte hydrique,5,3,1,131,62,223,5,3,0,,,"41,75","61,5",88,"2,5"
EL4X_482.EL4X_348 wt b5,B5 - 3 - 2,gauche,Couple,Contrainte hydrique,5,3,2,482,52,223,4,3,0,,,25,44,0,0
EL4X_482.EL4X_348 wt b5,B5 - 3 - 2,droite,Couple,Contrainte hydrique,5,3,2,348,46,212,4,3,0,,,"28,5","35,5",-1,0
EL4X_482.EL4X_265 wt b5,B5 - 3 - 3,gauche,Couple,Contrainte hydrique,5,3,3,482,50,233,4,3,1,,,27,"40,5","1,5","0,5"
EL4X_482.EL4X_265 wt b5,B5 - 3 - 3,droite,Couple,Contrainte hydrique,5,3,3,265,44,243,4,2,0,,,"29,5",31,4,"0,5"
EL4X_395.EL4X_114 wt b5,B5 - 3 - 4,gauche,Couple,Contrainte hydrique,5,3,4,395,52,245,4,3,0,,,25,39,2,0
EL4X_395.EL4X_114 wt b5,B5 - 3 - 4,droite,Couple,Contrainte hydrique,5,3,4,114,41,222,4,2,0,,,21,45,44,2
EL4X_329.EL4X_376 wt b5,B5 - 3 - 5,gauche,Couple,Contrainte hydrique,5,3,5,329,52,122,3,3,0,,,"17,25",30,37,"1,5"
EL4X_329.EL4X_376 wt b5,B5 - 3 - 5,droite,Couple,Contrainte hydrique,5,3,5,376,56,NA,NA,NA,0,,,"20,5",3,"2,5",0
EL4X_130.EL4X_412 wt b5,B5 - 3 - 6,gauche,Couple,Contrainte hydrique,5,3,6,130,40,191,4,3,0,,,"35,25","62,5","75,5",2
EL4X_130.EL4X_412 wt b5,B5 - 3 - 6,droite,Couple,Contrainte hydrique,5,3,6,412,54,213,5,3,0,,,"30,5","37,5","-2,5","2,5"
EL4X_376.EL4X_376 wt b5,B5 - 3 - 7,gauche,Monoculture,Contrainte hydrique,5,3,7,376,62,215,4,3,0,,,31,33,0,"-0,5"
EL4X_376.EL4X_376 wt b5,B5 - 3 - 7,droite,Monoculture,Contrainte hydrique,5,3,7,376,52,247,3,2,0,,,"31,25",58,63,"1,5"
EL4X_376.EL4X_235 wt b5,B5 - 3 - 8,gauche,Couple,Contrainte hydrique,5,3,8,376,52,225,4,2,0,,,53,"52,5",65,2
EL4X_376.EL4X_235 wt b5,B5 - 3 - 8,droite,Couple,Contrainte hydrique,5,3,8,235,43,211,4,3,0,,,25,32,3,0
EL4X_131.EL4X_131 wt b5,B5 - 3 - 9,gauche,Monoculture,Contrainte hydrique,5,3,9,131,57,200,5,2,0,,,30,"44,5","72,5","2,5"
EL4X_131.EL4X_131 wt b5,B5 - 3 - 9,droite,Monoculture,Contrainte hydrique,5,3,9,131,54,215,4,3,0,,,"15,5",32,"50,5","1,5"
EL4X_118.EL4X_118 wt b5,B5 - 4 - 1,gauche,Monoculture,Contrainte hydrique,5,4,1,118,35,199,4,2,0,,,"22,5",31,2,"-0,5"
EL4X_118.EL4X_118 wt b5,B5 - 4 - 1,droite,Monoculture,Contrainte hydrique,5,4,1,118,39,184,4,2,0,,,"32,5",63,70,"2,5"
EL4X_165.EL4X_74 wt b5,B5 - 4 - 2,gauche,Couple,Contrainte hydrique,5,4,2,165,47,NA,NA,NA,0,,,NA,NA,NA,NA
EL4X_165.EL4X_74 wt b5,B5 - 4 - 2,droite,Couple,Contrainte hydrique,5,4,2,74,50,204,4,3,0,,,22,"34,5","2,5","0,5"
EL4X_114.EL4X_114 wt b5,B5 - 4 - 3,gauche,Monoculture,Contrainte hydrique,5,4,3,114,39,208,4,2,0,,,NA,27,9,0
EL4X_114.EL4X_114 wt b5,B5 - 4 - 3,droite,Monoculture,Contrainte hydrique,5,4,3,114,47,NA,NA,Na,0,,,"6,666666667",NA,NA,NA
EL4X_482.EL4X_482 wt b5,B5 - 4 - 4,gauche,Monoculture,Contrainte hydrique,5,4,4,482,51,216,3,2,0,,,"24,5",23,"0,5","0,5"
EL4X_482.EL4X_482 wt b5,B5 - 4 - 4,droite,Monoculture,Contrainte hydrique,5,4,4,482,61,236,5,3,0,,,"29,5",39,"-2,5","-0,5"
EL4X_329.EL4X_329 wt b5,B5 - 4 - 5,gauche,Monoculture,Contrainte hydrique,5,4,5,329,52,201,5,3,0,,,30,"31,5",2,0
EL4X_329.EL4X_329 wt b5,B5 - 4 - 5,droite,Monoculture,Contrainte hydrique,5,4,5,329,51,112,3,2,0,,,"13,25","25,5",22,"1,5"
EL4X_114.EL4X_376 wt b5,B5 - 4 - 6,gauche,Couple,Contrainte hydrique,5,4,6,114,39,222,5,3,0,,,39,68,"82,5","2,5"
EL4X_114.EL4X_376 wt b5,B5 - 4 - 6,droite,Couple,Contrainte hydrique,5,4,6,376,69,214,6,3,1,,,"48,5",75,"85,5","2,5"
EL4X_118.EL4X_348 wt b5,B5 - 4 - 7,gauche,Couple,Contrainte hydrique,5,4,7,118,35,213,4,2,0,,,"20,5","28,5","-0,5",0
EL4X_118.EL4X_348 wt b5,B5 - 4 - 7,droite,Couple,Contrainte hydrique,5,4,7,348,42,196,4,3,0,,,"26,5","31,5",-2,0
EL4X_482.EL4X_118 wt b5,B5 - 4 - 8,gauche,Couple,Contrainte hydrique,5,4,8,482,49,226,4,3,0,,,30,34,2,-1
EL4X_482.EL4X_118 wt b5,B5 - 4 - 8,droite,Couple,Contrainte hydrique,5,4,8,118,35,178,4,3,0,,,30,72,"60,5",2
EL4X_412.EL4X_412 wt b5,B5 - 4 - 9,gauche,Monoculture,Contrainte hydrique,5,4,9,412,46,191,4,2,0,,,"42,5","55,5",51,"1,5"
EL4X_412.EL4X_412 wt b5,B5 - 4 - 9,droite,Monoculture,Contrainte hydrique,5,4,9,412,43,199,4,2,0,,,"38,5",52,46,2
EL4X_395.EL4X_235 wt b5,B5 - 5 - 1,gauche,Couple,Contrainte hydrique,5,5,1,395,45,NA,NA,NA,0,,,NA,NA,NA,NA
EL4X_395.EL4X_235 wt b5,B5 - 5 - 1,droite,Couple,Contrainte hydrique,5,5,1,235,42,203,5,2,0,,,22,23,"3,5","0,5"
EL4X_348.EL4X_348 wt b5,B5 - 5 - 2,gauche,Monoculture,Contrainte hydrique,5,5,2,348,42,176,2,3,0,,,12,"25,5","1,5","-0,5"
EL4X_348.EL4X_348 wt b5,B5 - 5 - 2,droite,Monoculture,Contrainte hydrique,5,5,2,348,42,205,4,3,0,,,28,"34,5",-3,0
EL4X_412.EL4X_74 wt b5,B5 - 5 - 3,gauche,Couple,Contrainte hydrique,5,5,3,412,47,191,4,2,0,,,"40,5",51,55,2
EL4X_412.EL4X_74 wt b5,B5 - 5 - 3,droite,Couple,Contrainte hydrique,5,5,3,74,46,224,4,3,0,,,28,"33,5",0,"0,5"
EL4X_329.EL4X_114 wt b5,B5 - 5 - 4,gauche,Couple,Contrainte hydrique,5,5,4,329,54,199,5,3,0,,,25,"40,5","-25,5",0
EL4X_329.EL4X_114 wt b5,B5 - 5 - 4,droite,Couple,Contrainte hydrique,5,5,4,114,44,207,4,2,0,,,43,52,53,2
EL4X_395.EL4X_376 wt b5,B5 - 5 - 5,gauche,Couple,Contrainte hydrique,5,5,5,395,54,227,4,3,0,,,"43,25",73,"80,5",2
EL4X_395.EL4X_376 wt b5,B5 - 5 - 5,droite,Couple,Contrainte hydrique,5,5,5,376,40,181,4,3,0,,,NA,30,"-2,5",0
EL4X_89.EL4X_89 wt b5,B5 - 5 - 6,gauche,Monoculture,Contrainte hydrique,5,5,6,89,43,197,4,3,0,,,48,"60,5","55,5",2
EL4X_89.EL4X_89 wt b5,B5 - 5 - 6,droite,Monoculture,Contrainte hydrique,5,5,6,89,47,194,5,3,1,,,"15,5","42,5",-7,"-0,5"
EL4X_395.EL4X_395 wt b5,B5 - 5 - 7,gauche,Monoculture,Contrainte hydrique,5,5,7,395,50,219,5,3,0,,,"40,75","72,5","82,5",2
EL4X_395.EL4X_395 wt b5,B5 - 5 - 7,droite,Monoculture,Contrainte hydrique,5,5,7,395,49,254,4,3,0,,,"40,75",78,76,2
EL4X_329.EL4X_235 wt b5,B5 - 5 - 8,gauche,Couple,Contrainte hydrique,5,5,8,329,55,189,4,3,0,,,31,"70,5","49,5",2
EL4X_329.EL4X_235 wt b5,B5 - 5 - 8,droite,Couple,Contrainte hydrique,5,5,8,235,47,164,4,2,0,,,"18,75","49,5","37,5","1,5"
EL4X_265.EL4X_348 wt b5,B5 - 5 - 9,gauche,Couple,Contrainte hydrique,5,5,9,265,41,233,4,2,0,,,26,30,-3,"0,5"
EL4X_265.EL4X_348 wt b5,B5 - 5 - 9,droite,Couple,Contrainte hydrique,6,5,9,348,42,191,4,3,0,,,21,"28,5",-1,0
EL4X_89.EL4X_265 WT b6,B6 - 1 - 1,gauche,Couple,Bien irrigue,6,1,1,89,43,205,5,3,0,,,"34,5","58,5","65,5",2
EL4X_89.EL4X_265 WT b6,B6 - 1 - 1,droite,Couple,Bien irrigue,6,1,1,265,41,188,4,3,0,,,33,33,2,0
EL4X_329.EL4X_376 WT b6,B6 - 1 - 2,gauche,Couple,Bien irrigue,6,1,2,329,51,196,5,3,0,,,35,97,52,"2,5"
EL4X_329.EL4X_376 WT b6,B6 - 1 - 2,droite,Couple,Bien irrigue,6,1,2,376,49,234,5,3,0,,,"49,5","75,5","105,5","2,5"
EL4X_89.EL4X_89 WT b6,B6 - 1 - 3,gauche,Monoculture,Bien irrigue,6,1,3,89,46,194,5,3,1,,,29,"36,5","-6,5","0,5"
EL4X_89.EL4X_89 WT b6,B6 - 1 - 3,droite,Monoculture,Bien irrigue,6,1,3,89,40,198,5,3,0,,,"38,75","77,5","79,5","2,5"
EL4X_265.EL4X_348 WT b6,B6 - 1 - 4,gauche,Couple,Bien irrigue,6,1,4,265,43,232,4,3,0,,,"36,75",83,"77,5",2
EL4X_265.EL4X_348 WT b6,B6 - 1 - 4,droite,Couple,Bien irrigue,6,1,4,348,47,194,3,3,0,,,"24,5",40,"-0,5","0,5"
EL4X_118.EL4X_118 WT b6,B6 - 1 - 5,gauche,Monoculture,Bien irrigue,6,1,5,118,23,134,3,3,0,,,16,21,-5,"0,5"
EL4X_118.EL4X_118 WT b6,B6 - 1 - 5,droite,Monoculture,Bien irrigue,6,1,5,118,45,187,4,3,0,,,28,76,"45,5",2
EL4X_131.EL4X_131 WT b6,B6 - 1 - 6,gauche,Monoculture,Bien irrigue,6,1,6,131,52,221,5,3,0,,,"42,75",78,91,"2,5"
EL4X_131.EL4X_131 WT b6,B6 - 1 - 6,droite,Monoculture,Bien irrigue,6,1,6,131,58,237,5,2,0,,,"40,25","65,5",93,2
EL4X_412.EL4X_131 WT b6,B6 - 1 - 7,gauche,Couple,Bien irrigue,6,1,7,412,47,194,3,2,0,,,"31,5","45,5","31,5",1
EL4X_412.EL4X_131 WT b6,B6 - 1 - 7,droite,Couple,Bien irrigue,6,1,7,131,50,209,5,2,0,,,"33,75","50,5","70,5",2
EL4X_131.EL4X_74 WT b6,B6 - 1 - 8,gauche,Couple,Bien irrigue,6,1,8,131,44,238,4,2,0,,,"39,5","55,5","79,5",2
EL4X_131.EL4X_74 WT b6,B6 - 1 - 8,droite,Couple,Bien irrigue,6,1,8,74,48,212,4,3,0,,,"27,5",34,"-6,5",0
EL4X_114.EL4X_114 WT b6,B6 - 1 - 9,gauche,Monoculture,Bien irrigue,6,1,9,114,45,193,3,2,0,,,22,"65,5","35,5",2
EL4X_114.EL4X_114 WT b6,B6 - 1 - 9,droite,Monoculture,Bien irrigue,6,1,9,114,41,235,4,2,0,,,"26,83333333",NA,NA,NA
EL4X_265.EL4X_118 WT b6,B6 - 2 - 1,gauche,Couple,Bien irrigue,6,2,1,265,39,227,4,3,0,,,"28,5",11,1,0
EL4X_265.EL4X_118 WT b6,B6 - 2 - 1,droite,Couple,Bien irrigue,6,2,1,118,31,208,4,2,0,,,"23,5",52,"-1,5","-0,5"
EL4X_118.EL4X_348 WT b6,B6 - 2 - 2,gauche,Couple,Bien irrigue,6,2,2,118,41,214,4,3,0,,,"34,75","76,5",65,2
EL4X_118.EL4X_348 WT b6,B6 - 2 - 2,droite,Couple,Bien irrigue,6,2,2,348,43,211,3,3,0,,,26,31,"6,5",0
EL4X_482.EL4X_118 WT b6,B6 - 2 - 3,gauche,Couple,Bien irrigue,6,2,3,482,53,256,4,3,0,,,"31,5",43,21,"0,5"
EL4X_482.EL4X_118 WT b6,B6 - 2 - 3,droite,Couple,Bien irrigue,6,2,3,118,30,205,3,2,0,,,"23,5",54,"42,5",2
EL4X_114.EL4X_235 WT b6,B6 - 2 - 4,gauche,Couple,Bien irrigue,6,2,4,114,41,208,4,2,0,,,"43,5",74,56,2
EL4X_114.EL4X_235 WT b6,B6 - 2 - 4,droite,Couple,Bien irrigue,6,2,4,235,43,207,5,3,0,,,36,63,76,"2,5"
EL4X_376.EL4X_376 WT b6,B6 - 2 - 5,gauche,Monoculture,Bien irrigue,6,2,5,376,51,244,4,2,0,,,"41,5",70,"89,5",2
EL4X_376.EL4X_376 WT b6,B6 - 2 - 5,droite,Monoculture,Bien irrigue,6,2,5,376,54,234,5,3,0,,,"34,5","37,5","-0,5",0
EL4X_395.EL4X_114 WT b6,B6 - 2 - 6,gauche,Couple,Bien irrigue,6,2,6,395,54,120,2,2,0,,,3,43,NA,NA
EL4X_395.EL4X_114 WT b6,B6 - 2 - 6,droite,Couple,Bien irrigue,6,2,6,114,43,217,5,3,0,,,"30,75",66,"61,5",2
EL4X_165.EL4X_412 WT b6,B6 - 2 - 7,gauche,Couple,Bien irrigue,6,2,7,165,44,179,3,2,0,,,19,54,"30,5","1,5"
EL4X_165.EL4X_412 WT b6,B6 - 2 - 7,droite,Couple,Bien irrigue,6,2,7,412,48,186,4,2,0,,,"26,5","65,5",45,"2,5"
EL4X_130.EL4X_412 WT b6,B6 - 2 - 8,gauche,Couple,Bien irrigue,6,2,8,130,48,222,4,2,0,,,"36,5",84,71,2
EL4X_130.EL4X_412 WT b6,B6 - 2 - 8,droite,Couple,Bien irrigue,6,2,8,412,43,216,4,2,0,,,31,63,"56,5","2,5"
EL4X_348.EL4X_348 WT b6,B6 - 2 - 9,gauche,Monoculture,Bien irrigue,6,2,9,348,44,144,2,3,0,,,22,"55,5",39,"1,5"
EL4X_348.EL4X_348 WT b6,B6 - 2 - 9,droite,Monoculture,Bien irrigue,6,2,9,348,42,202,4,3,0,,,"25,5","29,5","-0,5",0
EL4X_235.EL4X_235 WT b6,B6 - 3 - 1,gauche,Monoculture,Bien irrigue,6,3,1,235,43,220,4,2,0,,,24,47,51,2
EL4X_235.EL4X_235 WT b6,B6 - 3 - 1,droite,Monoculture,Bien irrigue,6,3,1,235,43,191,4,2,0,,,23,"40,5",46,2
EL4X_165.EL4X_130 WT b6,B6 - 3 - 2,gauche,Couple,Bien irrigue,6,3,2,165,52,141,2,2,0,,,"15,5","25,5",5,0
EL4X_165.EL4X_130 WT b6,B6 - 3 - 2,droite,Couple,Bien irrigue,6,3,2,130,52,207,4,3,0,,,33,"43,5","-1,5",0
EL4X_482.EL4X_482 WT b6,B6 - 3 - 3,gauche,Monoculture,Bien irrigue,6,3,3,482,47,229,5,3,0,,,45,"119,5","92,5",2
EL4X_482.EL4X_482 WT b6,B6 - 3 - 3,droite,Monoculture,Bien irrigue,6,3,3,482,50,239,4,3,0,,,"40,5","97,5","74,5","2,5"
EL4X_412.EL4X_74 WT b6,B6 - 3 - 4,gauche,Couple,Bien irrigue,6,3,4,412,49,202,5,3,0,,,33,55,"60,5",2
EL4X_412.EL4X_74 WT b6,B6 - 3 - 4,droite,Couple,Bien irrigue,6,3,4,74,43,226,4,3,0,,,"34,25","91,5","72,5",2
EL4X_395.EL4X_235 WT b6,B6 - 3 - 5,gauche,Couple,Bien irrigue,6,3,5,395,47,225,4,2,0,,,"16,5",NA,NA,NA
EL4X_395.EL4X_235 WT b6,B6 - 3 - 5,droite,Couple,Bien irrigue,6,3,5,235,39,229,5,3,0,,,"31,5",72,65,"2,5"
EL4X_165.EL4X_131 WT b6,B6 - 3 - 6,gauche,Couple,Bien irrigue,6,3,6,165,50,244,5,3,0,,,"38,25",91,80,"2,5"
EL4X_165.EL4X_131 WT b6,B6 - 3 - 6,droite,Couple,Bien irrigue,6,3,6,131,45,133,4,2,0,,,"32,75",64,"66,5",2
EL4X_329.EL4X_395 WT b6,B6 - 3 - 7,gauche,Couple,Bien irrigue,6,3,7,329,58,185,4,3,0,,,21,"39,5","-4,5",0
EL4X_329.EL4X_395 WT b6,B6 - 3 - 7,droite,Couple,Bien irrigue,6,3,7,395,55,229,4,2,0,,,"16,66666667",NA,NA,NA
EL4X_329.EL4X_114 WT b6,B6 - 3 - 8,gauche,Couple,Bien irrigue,6,3,8,329,43,213,4,3,0,,,30,41,"2,5","0,5"
EL4X_329.EL4X_114 WT b6,B6 - 3 - 8,droite,Couple,Bien irrigue,6,3,8,114,45,191,4,3,0,,,"47,5",53,63,"2,5"
EL4X_130.EL4X_130 WT b6,B6 - 3 - 9,gauche,Monoculture,Bien irrigue,6,3,9,130,64,224,4,3,0,,,23,52,"-15,5","-0,5"
EL4X_130.EL4X_130 WT b6,B6 - 3 - 9,droite,Monoculture,Bien irrigue,6,3,9,130,40,213,3,2,0,,,"23,5",NA,-20,"-0,5"
EL4X_130.EL4X_131 WT b6,B6 - 4 - 1,gauche,Couple,Bien irrigue,6,4,1,130,53,213,4,3,0,,,"27,5",-57,"0,5",0
EL4X_130.EL4X_131 WT b6,B6 - 4 - 1,droite,Couple,Bien irrigue,6,4,1,131,52,220,4,3,0,,,"29,5","8,5","58,5",2
EL4X_89.EL4X_118 WT b6,B6 - 4 - 2,gauche,Couple,Bien irrigue,6,4,2,89,48,NA,NA,NA,0,,,NA,NA,NA,NA
EL4X_89.EL4X_118 WT b6,B6 - 4 - 2,droite,Couple,Bien irrigue,6,4,2,118,40,195,4,3,0,,,"32,5",73,61,"2,5"
EL4X_412.EL4X_412 WT b6,B6 - 4 - 3,gauche,Monoculture,Bien irrigue,6,4,3,412,59,213,5,3,0,,,36,"65,5",73,"2,5"
EL4X_412.EL4X_412 WT b6,B6 - 4 - 3,droite,Monoculture,Bien irrigue,6,4,3,412,51,179,4,3,0,,,"42,5",64,"49,5",2
EL4X_89.EL4X_348 WT b6,B6 - 4 - 4,gauche,Couple,Bien irrigue,6,4,4,89,41,226,5,3,0,,,40,"76,5",87,"2,5"
EL4X_89.EL4X_348 WT b6,B6 - 4 - 4,droite,Couple,Bien irrigue,6,4,4,348,44,NA,NA,NA,0,,,0,NA,NA,NA
EL4X_89.EL4X_482 WT b6,B6 - 4 - 5,gauche,Couple,Bien irrigue,6,4,5,89,46,210,3,3,0,,,22,28,"0,5",0
EL4X_89.EL4X_482 WT b6,B6 - 4 - 5,droite,Couple,Bien irrigue,6,4,5,482,37,164,3,3,0,,,18,35,"-14,5",0
EL4X_395.EL4X_376 WT b6,B6 - 4 - 6,gauche,Couple,Bien irrigue,6,4,6,395,47,233,3,3,0,,,"16,33333333",NA,NA,NA
EL4X_395.EL4X_376 WT b6,B6 - 4 - 6,droite,Couple,Bien irrigue,6,4,6,376,56,267,4,3,0,,,"39,5","31,5",6,0
EL4X_165.EL4X_165 WT b6,B6 - 4 - 7,gauche,Monoculture,Bien irrigue,6,4,7,165,49,210,3,3,0,,,"30,5",63,87,2
EL4X_165.EL4X_165 WT b6,B6 - 4 - 7,droite,Monoculture,Bien irrigue,6,4,7,165,41,244,3,2,0,,,"30,75","63,5",104,2
EL4X_114.EL4X_376 WT b6,B6 - 4 - 8,gauche,Couple,Bien irrigue,6,4,8,114,43,NA,NA,NA,0,,,"7,333333333",NA,NA,NA
EL4X_114.EL4X_376 WT b6,B6 - 4 - 8,droite,Couple,Bien irrigue,6,4,8,376,59,NA,NA,NA,0,,,50,"50,5","72,5","1,5"
EL4X_395.EL4X_395 WT b6,B6 - 4 - 9,gauche,Monoculture,Bien irrigue,6,4,9,395,47,233,4,3,0,,,35,71,57,"1,5"
EL4X_395.EL4X_395 WT b6,B6 - 4 - 9,droite,Monoculture,Bien irrigue,6,4,9,395,51,193,3,2,0,,,"13,83333333",NA,NA,NA
EL4X_376.EL4X_235 WT b6,B6 - 5 - 1,gauche,Couple,Bien irrigue,6,5,1,376,55,218,5,3,0,,,"27,5",33,-2,0
EL4X_376.EL4X_235 WT b6,B6 - 5 - 1,droite,Couple,Bien irrigue,6,5,1,235,48,167,3,2,0,,,20,"38,5","35,5","1,5"
EL4X_329.EL4X_329 WT b6,B6 - 5 - 2,gauche,Monoculture,Bien irrigue,6,5,2,329,56,177,4,3,0,,,21,35,1,0
EL4X_329.EL4X_329 WT b6,B6 - 5 - 2,droite,Monoculture,Bien irrigue,6,5,2,329,33,165,4,3,0,,,"23,5","27,5","0,5",0
EL4X_329.EL4X_235 WT b6,B6 - 5 - 3,gauche,Couple,Bien irrigue,6,5,3,329,48,225,5,3,0,,,23,"21,5","26,5",0
EL4X_329.EL4X_235 WT b6,B6 - 5 - 3,droite,Couple,Bien irrigue,6,5,3,235,33,205,3,3,0,,,10,70,34,"-0,5"
EL4X_165.EL4X_74 WT b6,B6 - 5 - 4,gauche,Couple,Bien irrigue,6,5,4,165,52,190,4,3,0,,,53,86,"47,5",2
EL4X_165.EL4X_74 WT b6,B6 - 5 - 4,droite,Couple,Bien irrigue,6,5,4,74,45,95,4,3,0,,,23,"-18,5",-34,"-1,5"
EL4X_482.EL4X_265 WT b6,B6 - 5 - 5,gauche,Couple,Bien irrigue,6,5,5,482,48,235,5,3,0,,,"27,5",36,-2,0
EL4X_482.EL4X_265 WT b6,B6 - 5 - 5,droite,Couple,Bien irrigue,6,5,5,265,44,220,3,3,0,,,25,38,"-1,5",0
EL4X_482.EL4X_348 WT b6,B6 - 5 - 6,gauche,Couple,Bien irrigue,6,5,6,482,31,96,3,3,0,,,NA,"15,5","46,5","1,5"
EL4X_482.EL4X_348 WT b6,B6 - 5 - 6,droite,Couple,Bien irrigue,6,5,6,348,44,232,4,3,0,,,"27,5","34,5","0,5","0,5"
EL4X_74.EL4X_74 WT b6,B6 - 5 - 7,gauche,Monoculture,Bien irrigue,6,5,7,74,45,126,2,2,0,,,4,NA,NA,NA
EL4X_74.EL4X_74 WT b6,B6 - 5 - 7,droite,Monoculture,Bien irrigue,6,5,7,74,30,226,4,3,0,,,"29,5","-55,5","0,5",0
EL4X_265.EL4X_265 WT b6,B6 - 5 - 8,gauche,Monoculture,Bien irrigue,6,5,8,265,52,217,4,3,0,,,29,"25,5","1,5","-0,5"
EL4X_265.EL4X_265 WT b6,B6 - 5 - 8,droite,Monoculture,Bien irrigue,6,5,8,265,37,230,4,2,0,,,"37,25","74,5","74,5",2
EL4X_130.EL4X_74 WT b6,B6 - 5 - 9,gauche,Couple,Bien irrigue,6,5,9,130,30,204,4,3,0,,,28,"29,5",2,0
EL4X_130.EL4X_74 WT b6,B6 - 5 - 9,droite,Couple,Bien irrigue,6,5,9,74,42,,4,3,0,,,"23,5","29,5","-2,5","0,5"